Gene_A,Gene_B,posterior_edge
Auts2,Rnf2,0.6780853619274622
Rnf2,Ring1,0.9222805986196162
Rnf2,Pcgf2,0.9283518158134098
Rnf2,Bmi1,0.8498718400107692
Rnf2,Max,0.7329720682024684
Rnf2,L3mbtl2,0.6780853619274622
Rnf2,Phc1,0.8546289291867947
Rnf2,Rybp,0.7958287959928866
Rnf2,Scmh1,0.6863778694282534
Rnf2,Cbx7,0.7329731665939931
Rnf2,Rnf2,0.9688143357454402
Rnf2,Phc2,0.9054696990647121
Rnf2,Cbx8,0.8721729610151293
Cfap77,Cfap77,0.9359277580713516
Cfap77,Tuba3a,0.966866018291745
Cfap77,Tubb4b,0.9668660182913213
Cfap77,Cfap126,0.9235328602284644
Cfap77,Cimap1a,0.9203561753507119
Cfap77,Cfap53,0.966284403595745
Cfap77,Tektl1,0.9040111653646219
Tuba3a,Cfap210,0.9866877313985138
Tuba3a,Fam183b,0.8272889670842878
Tuba3a,Tekt5,0.999834348928499
Tuba3a,Tuba3a,0.9999999999997986
Tuba3a,Tubb4b,0.999999999999345
Tuba3a,Saxo4,0.9995802985403546
Tuba3a,Tekt4,0.9999523345729775
Tuba3a,Spag8,0.988308638605467
Tuba3a,Cfap107,0.9448573767164359
Tuba3a,Pierce1,0.786140716896587
Tuba3a,Cfap52,0.9840408729340906
Tuba3a,Mns1,0.9934983143059303
Tuba3a,Spmip8,0.8342845966862398
Tuba3a,Efcab6,0.8146588668886868
Tuba3a,Cfap126,0.9535914412640197
Tuba3a,Cfap161,0.9984068630098117
Tuba3a,Enkur,0.9910181546080197
Tuba3a,Tekt3,0.9999655568688184
Tuba3a,Spaca9,0.9180122055489096
Tuba3a,Cfap20,0.8125254558623035
Tuba3a,Spmip11,0.6949819824312984
Tuba3a,Efhb,0.9976061596008824
Tuba3a,Cimap1a,0.9501893036557028
Tuba3a,Tssk6,0.5070878959861618
Tuba3a,Cfap95,0.9871908491623559
Tuba3a,Spmip5,0.9615092970354107
Tuba3a,Ribc1,0.996157029431661
Tuba3a,Cfap68,0.9175908969882731
Tuba3a,Cfap53,0.9993771074854454
Tuba3a,Efhc2,0.9997471240551951
Tuba3a,Cimip2a,0.9999163858720367
Tuba3a,Tektl1,0.9326842707922172
Tuba3a,Ribc2,0.9974301914942734
Tuba3a,Cfap141,0.9736037018362754
Tuba3a,Spmip10,0.8100789679529107
Tuba3a,Efhc1,0.9999389247418318
Tuba3a,Cfap45,0.9893484617313453
Tuba3a,Cfap276,0.9423899545290298
Tuba3a,Spmip9,0.9995874796903924
Tuba3a,Tekt1,0.9982446023008625
Tuba3a,Pacrg,0.721003131118056
Tuba3a,Cfap90,0.9103966320324084
Tuba3a,Cimip2c,0.9963473096317554
Tuba3a,Nme7,0.9992321549475524
Tuba3a,PIERCE2,0.786140716896587
Tubb4b,Cfap210,0.9866877313980722
Tubb4b,Cimip2b,0.6267984192225188
Tubb4b,Fam183b,0.8272889670839907
Tubb4b,Tuba1a,0.9999999739015523
Tubb4b,Tubb4b,0.9999999999988913
Tubb4b,Saxo4,0.9995802985399014
Tubb4b,Tekt4,0.9999523345725239
Tubb4b,Spag8,0.9883086386050238
Tubb4b,Cfap107,0.9448573767160322
Tubb4b,Pierce1,0.7861407168963275
Tubb4b,Cfap52,0.9840408729336516
Tubb4b,Mns1,0.9934983143054824
Tubb4b,Spmip8,0.8342845966859366
Tubb4b,Efcab6,0.8146588668884014
Tubb4b,Cfap126,0.9535914412636083
Tubb4b,Cfap161,0.9984068630093597
Tubb4b,Enkur,0.9910181546075743
Tubb4b,Spaca9,0.9180122055485304
Tubb4b,Cfap20,0.81252545586202
Tubb4b,Spmip11,0.6949819824311214
Tubb4b,Efhb,0.997606159600431
Tubb4b,Cimap1a,0.9501893036552944
Tubb4b,Tssk6,0.5070878959861553
Tubb4b,Cfap95,0.9871908491619138
Tubb4b,Spmip5,0.9615092970349919
Tubb4b,Ribc1,0.9961570294312109
Tubb4b,Cfap68,0.9175908969878942
Tubb4b,Cfap53,0.9993771074849922
Tubb4b,Efhc2,0.9997471240547416
Tubb4b,Cimip2a,0.999916385871583
Tubb4b,Tektl1,0.9326842707918246
Tubb4b,Ribc2,0.9974301914938222
Tubb4b,Cfap141,0.9736037018358458
Tubb4b,Spmip10,0.8100789679526293
Tubb4b,Efhc1,0.9999389247413781
Tubb4b,Cfap45,0.9893484617309012
Tubb4b,Cfap276,0.9423899545286286
Tubb4b,Spmip9,0.9995874796899392
Tubb4b,Pacrg,0.7210031311178555
Tubb4b,Cfap90,0.910396632032036
Tubb4b,Cimip2c,0.9963473096313051
Tubb4b,Nme7,0.9992321549470994
Tubb4b,PIERCE2,0.7861407168963275
Cfap126,Tuba1a,0.9535914175885489
Cfap126,Efcab6,0.7854531378772005
Cfap126,Enkur,0.9454432648710812
Cfap126,Efhc1,0.9535360348354464
Cimap1a,Efhb,0.9480339409712001
Cimap1a,Cimap1a,0.9053408182521765
Cimap1a,Cfap53,0.9496284645611244
Cfap53,Tekt5,0.9992116627797704
Cfap53,Tuba1a,0.9993770814201649
Cfap53,Spag8,0.9877003110141039
Cfap53,Pierce1,0.7857842470753738
Cfap53,Mns1,0.9928835214942758
Cfap53,Spmip11,0.6947390767967179
Cfap53,Efhb,0.9969862492970593
Cfap53,Cfap68,0.9170706685006806
Cfap53,Cfap53,0.998754990961261
Cfap53,Nme7,0.9986102190030693
Cfap53,PIERCE2,0.7857842470753738
Tektl1,Tuba1a,0.9326842482080083
Tektl1,Spaca9,0.8617346126804984
Tektl1,Tektl1,0.8744313563821362
Tektl1,Spmip10,0.768332584273525
Ceacam15,Ceacam15,0.5
HC,LC,0.5714159017467225
LC,LC,0.6879620492447087
LC,Ighg,0.7527738039814402
LC,Igh,0.7110629111596927
Trav14-1,H2-D1,0.7071586464806912
Trav14-1,Dbh,0.6029502269254354
H2-D1,Ins1,0.721921988716973
H2-D1,Cd8a,0.9323397509506716
H2-D1,B2m,0.9547081643042112
H2-D1,H2-D1,0.9168490550564219
H2-D1,Cd8b,0.8653221523753344
H2-D1,Klra1,0.7071586464806912
H2-D1,Hsf2,0.6583530825845992
H2-D1,Gtf2b,0.6583530825845992
H2-D1,Dbh,0.7071586464806912
H2-D1,Hm13,0.6583530825845992
H2-D1,Tapbp,0.6583530825845992
Ighg,LOC100046793,0.6893728201839219
Ighg,Igk,0.7952173290237771
Ighg,Igkc,0.8724629101290318
Ighg,Ighg,0.8399334931492628
Ighg,Igkv8-30,0.7071034533441677
Ighg,Trim21,0.6689618518138478
Igh,Igkc,0.8110017924033638
Igh,Igkv8-30,0.6729287492831144
Igh,scFv,0.5900488125324317
Igh,Igh,0.737002909077713
Ankrd31,Ankrd31,0.5
Ankrd31,Rec114,0.5
Rec114,Top6bl,0.5
Rec114,Rec114,0.5
Frmpd3,Dlg4,0.5
Dlg4,Kalrn,0.5033320899276238
Dlg4,Gnai1,0.5
Dlg4,Shank1,0.5033320899276238
Dlg4,Syngap1,0.7125710595689684
Dlg4,Phb2,0.5
Dlg4,Prrt1,0.5
Dlg4,Cacng2,0.5000000000000007
Dlg4,Nefl,0.5
Dlg4,Eef1a1,0.5
Dlg4,Camk2a,0.525542334964352
Dlg4,Cntn1,0.5
Dlg4,Glul,0.5000000000000004
Dlg4,Cnp,0.5
Dlg4,Kcna1,0.5
Dlg4,Kcna3,0.5
Dlg4,Cfl1,0.5
Dlg4,Gnao1,0.5000000000000004
Dlg4,Gria1,0.5000000000000023
Dlg4,Gria2,0.5000000000000023
Dlg4,Camk2b,0.5000000021186816
Dlg4,Prkar2b,0.5000000005598201
Dlg4,Grin2a,0.5082547702551466
Dlg4,Grin1,0.521726234060591
Dlg4,Prdx1,0.5
Dlg4,Gpm6a,0.5
Dlg4,Grik2,0.5
Dlg4,Septin2,0.5
Dlg4,Slc1a2,0.5
Dlg4,Syt1,0.5
Dlg4,Nsf,0.5005425530694129
Dlg4,Ina,0.5
Dlg4,Capza2,0.5
Dlg4,Ppp3cb,0.500000002118681
Dlg4,Cit,0.5
Dlg4,Gdi1,0.5
Dlg4,Kcnj4,0.5
Dlg4,Anks1a,0.5
Dlg4,Arpc4,0.5
Dlg4,Plp1,0.5
Dlg4,Arf3,0.5000000000000004
Dlg4,Ywhag,0.5267852457288043
Dlg4,Ywhae,0.5000000000000504
Dlg4,Kcnab2,0.5000000000000004
Dlg4,Gnb1,0.500000002118681
Dlg4,Rac1,0.5200889910852236
Dlg4,Mapk1,0.8622836949151998
Dlg4,Kcna2,0.5000000000000002
Dlg4,Kcnab1,0.5
Dlg4,Ppp3ca,0.500000002118681
Dlg4,Dlg3,0.5000000000000004
Dlg4,Grin2b,0.5393801103085081
Dlg4,Grin2c,0.5
Dlg4,Uba1,0.5000000029236712
Dlg4,Grin2d,0.5000000000000004
Dlg4,Clu,0.5
Dlg4,ptchd1,0.5
Dlg4,Lrfn1,0.5015298832481963
Dlg4,Agap2,0.5567527360056098
Dlg4,Fam81a,0.5000000000000004
Dlg4,Shank3,0.7345730537245198
Dlg4,Iqsec2,0.5000000000000004
Dlg4,Cyfip2,0.5
Dlg4,Abr,0.5
Dlg4,Traf3,0.8946579201205956
Dlg4,Prdx2,0.5
Dlg4,Kcna4,0.5000000000000004
Dlg4,Fscn1,0.5
Dlg4,Grik5,0.5
Dlg4,Sptbn1,0.5000000021186816
Dlg4,Begain,0.5000000000000004
Dlg4,Cltc,0.5
Dlg4,Nlgn2,0.5
Dlg4,Abtb3,0.5
Dlg4,Dlgap3,0.5000000021186816
Dlg4,Camk2d,0.5000000033667276
Dlg4,Ppp1r9b,0.5
Dlg4,Lrfn2,0.5
Dlg4,Dlg1,0.5000000000000007
Dlg4,Anks1b,0.5000000000000004
Dlg4,Dlgap2,0.5000000000000004
Dlg4,Baiap2,0.500000002118681
Dlg4,Pgam5,0.5
Dlg4,Nlgn3,0.5015298832481963
Dlg4,Septin11,0.5
Dlg4,Adgra1,0.5
Dlg4,Ablim1,0.5
Dlg4,Iqsec1,0.5000000021186816
Dlg4,Neto1,0.5
Dlg4,Sfxn3,0.500000002118681
Dlg4,Dlg2,0.5000000021186816
Dlg4,Basp1,0.5000000000000004
Dlg4,Lrp1,0.5
Dlg4,Tubb6,0.5
Dlg4,Plpp3,0.5
Dlg4,Park7,0.5
Dlg4,Ube2v1,0.6021907472333644
Dlg4,Ube2v2,0.6021907472333644
Dlg4,Dlgap1,0.5087698785814381
Dlg4,Lgi1,0.5
Dlg4,Kcnj10,0.5000000000000004
Dlg4,Grm3,0.5
Dlg4,Dstn,0.5
Dlg4,Gda,0.5000000000000004
Dlg4,Adam22,0.5507866285395067
Dlg4,Arc,0.5
Dlg4,Septin5,0.5
Dlg4,Gria4,0.5
Dlg4,Gria3,0.5000000000000004
Dlg4,Kcnj16,0.5
Tmem249,Tmem262,0.5
Tmem249,Catsper4,0.5
Tmem262,Catsperb,0.5
Tmem262,Catsper4,0.5
Catsper4,Catsper2,0.5
Catsper4,Catsperb,0.5
Catsper4,Catsperg2,0.5
Catsper4,Catsper3,0.5
LOC100046793,Ighg2b,0.6283738052250941
Ighg2b,Igkc,0.752488614955609
Ighg2b,Ighg2b,0.6562109568828587
Cfap210,Cfap210,0.9737298957878548
Cfap210,Fam183b,0.818575049804158
Cfap210,Tuba1a,0.9866877059955629
Cfap210,Cfap52,0.9711535087050875
Cfap210,Enkur,0.9779450234835163
Cfap210,Spaca9,0.9068828240311401
Cfap210,Cfap45,0.9763197854069536
Fam183b,Cfap45,0.8203167051688032
Tuba1a,Cimip2b,0.6267984126043161
Tuba1a,Tuba1a,0.9999999478042145
Tuba1a,Tekt4,0.9999523084776728
Tuba1a,Spag8,0.9883086131179117
Tuba1a,Cfap107,0.9448573534968446
Tuba1a,Pierce1,0.7861407019613048
Tuba1a,Cfap52,0.984040847669294
Tuba1a,Hsph1,0.6238005245018688
Tuba1a,Mns1,0.9934982885474968
Tuba1a,Cfap161,0.9984068369951739
Tuba1a,Enkur,0.9910181289790397
Tuba1a,Tubb2a,0.6872851958270194
Tuba1a,Spaca9,0.918012183730518
Tuba1a,Cfap20,0.8125254395498545
Tuba1a,Vash2,0.6650118719465967
Tuba1a,Efhb,0.9976061336280375
Tuba1a,Cfap95,0.9871908237331442
Tuba1a,Efhc2,0.9997470979706014
Tuba1a,Ribc2,0.9974301655306134
Tuba1a,Cfap141,0.9736036771162528
Tuba1a,Efhc1,0.999938898647227
Tuba1a,Cfap45,0.9893484361895158
Tuba1a,Cfap276,0.9423899314382274
Tuba1a,Pacrg,0.7210031195826682
Tuba1a,Nme7,0.9992321288898378
Tuba1a,Hdac6,0.6238005245019554
Tuba1a,PIERCE2,0.7861407019613048
Cfap52,Efcab6,0.8046155052106264
Cfap52,Enkur,0.9753457123660958
Cfap52,Cfap45,0.9737293131709803
Cfap52,Cfap276,0.9282696395351812
Cfap52,Cfap90,0.8972974880365157
Enkur,Spmip10,0.8045088052541177
Enkur,Cfap45,0.9805579572793901
Enkur,Cfap276,0.9344429981801151
Enkur,Cfap90,0.9030243938359617
Spaca9,Spaca9,0.8494684079758685
Cfap45,Cfap20,0.8058677021563344
Cfap45,Cfap45,0.9789238339978605
Cfap45,Cfap90,0.9016539211697296
Bicdl1,Bicdl1,0.5
Vk,Vk,0.5
Mpeg1,Mpeg1,0.5
Pkd2l1,Pkd2l1,0.5
Pkd2l1,Pkd1l3,0.5
Cplane2,Fuz,0.5
Fuz,Intu,0.5
Fuz,Wdpcp,0.5
Prdm16,Cebpb,0.5545638147845195
Cebpb,Ppargc1a,0.6749199119775328
Cebpb,Cebpa,0.7416909516081007
Cebpb,Dapk1,0.5561927006531641
Cebpb,Retn,0.5713801036101555
Cebpb,Rps6ka2,0.5545638147845195
Med14,Med16,0.5
Med14,Med23,0.5
Med14,Med17,0.5
Med14,Med28,0.5
Med14,Med6,0.5
Med14,Med15,0.5
Med14,Med21,0.5
Med14,Med4,0.5
Med14,Med31,0.5
Med14,Med7,0.5
Med14,Med27,0.5
Med14,Med29,0.5
Med14,Med20,0.5
Med16,Med23,0.5
Med16,Med25,0.5
Med16,Med15,0.5
Med16,Med24,0.5
Med16,Med27,0.5
Med16,Med29,0.5
Med23,Med25,0.5
Med23,Med17,0.5
Med23,Med15,0.5
Med23,Med24,0.5
Med17,Med22,0.5
Med17,Med28,0.5
Med17,Med6,0.5
Med17,Med15,0.5
Med17,Med21,0.5
Med17,Med4,0.5
Med17,Med30,0.5
Med17,Med18,0.5
Med17,Med7,0.5
Med17,Med8,0.5
Med17,Med11,0.5
Med17,Med27,0.5
Med17,Med20,0.5
Med28,Med22,0.5
Med28,Med30,0.5
Med28,Med11,0.5
Med28,Med27,0.5
Med28,Med29,0.5
Med6,Med22,0.5
Med6,Med8,0.5
Med15,Med24,0.5
Med15,Med27,0.5
Med15,Med29,0.5
Med21,Med9,0.5
Med21,Med4,0.5
Med21,Med7,0.5
Med4,Med9,0.5
Med4,Med7,0.5
Med31,Med7,0.5
Med7,Med9,0.5
Med27,Med22,0.5
Med27,Med30,0.5
Med27,Med29,0.5
Med27,Med20,0.5
Med29,Med30,0.5
Med20,Med18,0.5
Med12,Cdk8,0.5
Duox1,Duox1,0.5
Duox1,Duoxa1,0.5
Ralgps1,Ralgps1,0.5
Catsper2,Catsperd,0.5
Catsper2,Catspere,0.5
Catsper2,Catsper3,0.5
Catsperd,Catsperb,0.5
Catsperd,Catsperg2,0.5
Catsperd,Catspere,0.5
Catsperd,Catsper3,0.5
Catspere,Catsperg2,0.5
Catspere,Slco6c1,0.5
Catsper3,Efcab9,0.5
Lrp2,Lrp2,0.5
Agrn,Agrn,0.5
Ttn,Ttn,0.5
Ttn,Myh7,0.5
Ttn,Ankrd1,0.5
Myh7,Mybpc3,0.5
Myh7,Myl3,0.5
Myh7,Myl2,0.5
Rad21l1,Smc1b,0.5000000000000001
Smc1b,Stag3,0.5000000000000001
Smc1b,Rec8,0.5000000000000001
Smc1b,Smc3,0.5
Mga,Max,0.5439868731242405
Max,Myc,0.5439868731242405
Max,Mycn,0.5439868731242405
Max,Max,0.6157728772867703
Max,Mxd1,0.5439868731242405
Max,Mxi1,0.5439868731242405
Max,Mxd3,0.5439868731242405
Arid1a,Smarca4,0.5044546968822109
Smarca4,Arid1b,0.5044546968822109
Smarca4,Smarce1,0.5058276352194778
Smarca4,Smarcc1,0.5058276368506395
Smarca4,Ss18,0.5044546968822109
Smarca4,Smarcd3,0.5044546968822109
Smarca4,Smarcc2,0.5044546968822109
Smarca4,Pbrm1,0.5044546968822109
Smarca4,Smarcb1,0.5044546968822109
Smarca4,Mecp2,0.5281178836960196
Kalrn,Syngap1,0.5020904316968315
Kalrn,Shank3,0.5023068001247329
Kalrn,Dlgap1,0.5000862433117715
Syngap1,Shank1,0.5020904316968315
Syngap1,Syngap1,0.6333593301513712
Syngap1,Dpysl2,0.5000000000000004
Syngap1,Cntnap1,0.5000000000000003
Syngap1,Epb41l2,0.5000000000000003
Syngap1,Cacng2,0.5000000000000004
Syngap1,Camk2a,0.5160243294089747
Syngap1,Glul,0.5000000000000003
Syngap1,Prkce,0.6340456966262364
Syngap1,Gnao1,0.5000000000000003
Syngap1,Gria1,0.5000000000000016
Syngap1,Gria2,0.5000000000000016
Syngap1,Camk2b,0.5000000013291835
Syngap1,Grin2a,0.5051787418005632
Syngap1,Grin1,0.5136302468779494
Syngap1,Pura,0.5000000000000003
Syngap1,Rab2a,0.5000000000000003
Syngap1,Slc1a3,0.5000000000000003
Syngap1,Rab10,0.5000000000000003
Syngap1,Arf3,0.5000000000000003
Syngap1,Ywhag,0.5168040862927263
Syngap1,Ywhae,0.5000000000000316
Syngap1,Kcnab2,0.5000000000000003
Syngap1,Rab3c,0.5000000000000003
Syngap1,Rab3a,0.5000000000000003
Syngap1,Ywhaz,0.5838586746730062
Syngap1,Prkcg,0.5000000000000003
Syngap1,Ywhah,0.5000000000000004
Syngap1,Dlg3,0.5000000000000003
Syngap1,Arf5,0.5000000000000003
Syngap1,Grin2b,0.5247056449860987
Syngap1,Grin2d,0.5000000000000003
Syngap1,Agap2,0.5356045967560797
Syngap1,Plcl1,0.5000000000000003
Syngap1,Fam81a,0.5000000000000003
Syngap1,Shank3,0.647162578855726
Syngap1,Iqsec2,0.5000000000000003
Syngap1,Cnrip1,0.5000000000000003
Syngap1,Adam9,0.5000000000000003
Syngap1,Kcna4,0.5000000000000003
Syngap1,Sptbn1,0.5000000013291835
Syngap1,Begain,0.5000000000000003
Syngap1,Sptbn2,0.5000000000000003
Syngap1,Dlgap3,0.5000000013291835
Syngap1,Cyfip1,0.5135277828704122
Syngap1,Lrrc7,0.5000000000000003
Syngap1,Ubr5,0.5000000000000003
Syngap1,Ddn,0.5011880618397001
Syngap1,Dgkz,0.5000000000000003
Syngap1,Fbxo2,0.5000000000000003
Syngap1,Dlg1,0.5000000000000004
Syngap1,Anks1b,0.5000000000000003
Syngap1,Dlgap2,0.5000000000000003
Syngap1,Dmxl2,0.5000000000000003
Syngap1,Btbd9,0.5000000000000003
Syngap1,Cacnb2,0.5000000000000003
Syngap1,Adgrb2,0.5000000000000003
Syngap1,Synj1,0.5000000000000003
Syngap1,Iqsec1,0.5000000013291835
Syngap1,Dlg2,0.5000000013291835
Syngap1,Basp1,0.5000000000000003
Syngap1,Dlgap1,0.5055019019781006
Syngap1,Dync1h1,0.5000000013291835
Syngap1,Praf2,0.5000000000000003
Syngap1,Cul3,0.5000000000000003
Syngap1,Kcnj10,0.5000000000000003
Syngap1,Gda,0.5000000000000003
Syngap1,Adam22,0.5318616785201546
Syngap1,Gria3,0.5000000000000003
Shank3,Cttnbp2,0.5000000014667592
Shank3,Shank1,0.5023068001247329
Shank3,Slc4a4,0.5000000014667592
Shank3,Sptan1,0.5000000014913353
Shank3,Camk2b,0.5000000014667596
Shank3,Nckap1,0.5021550181154347
Shank3,Gpm6b,0.5000000014667592
Shank3,Ppp3cb,0.5000000014667592
Shank3,Ywhag,0.5185433795396605
Shank3,Gnb1,0.5000000014667592
Shank3,Ywhaz,0.5925383984029862
Shank3,Ppp3ca,0.5000000014667592
Shank3,Uba1,0.5000000020240525
Shank3,Agap2,0.5392898215055187
Shank3,Shank3,0.6623945215598035
Shank3,Vdac1,0.5000000014667592
Shank3,Hras,0.5583312004354282
Shank3,Snap91,0.5000000014667592
Shank3,Sptbn1,0.5000000014667596
Shank3,Dlgap3,0.5000000014667596
Shank3,Camk2d,0.5000000023307797
Shank3,Tln2,0.5000000020240527
Shank3,Cdc42bpb,0.5000000014667592
Shank3,Shank2,0.5000000014667592
Shank3,Baiap2,0.5000000014667592
Shank3,Me3,0.5000000014667592
Shank3,Tnr,0.5000000014667592
Shank3,Synpo,0.5000000014667592
Shank3,Slc25a1,0.5000000014667592
Shank3,Iqsec1,0.5000000014667596
Shank3,Wasf1,0.5056718626644255
Shank3,Rab14,0.5000000014667592
Shank3,Sfxn3,0.5000000014667592
Shank3,Acly,0.5000000014667592
Shank3,Dlg2,0.5000000014667596
Shank3,Atad3,0.5000000014667592
Shank3,Homer3,0.5000000014667592
Shank3,Sfxn1,0.5000000014667592
Shank3,Rab3b,0.5000000014667592
Shank3,Dync1h1,0.5000000014667596
Shank3,Homer2,0.5000000020240527
Shank3,Macf1,0.5000000014667592
Shank3,Mpp2,0.5000000014667592
Shank3,Gsk3b,0.7400696313580962
Shank3,Plcb1,0.5000000014667592
Shank3,Homer1,0.5149279655645116
Dlgap1,Shank1,0.5000862433117715
Dlgap1,Grin1,0.5005623324755356
Dlgap1,Magi2,0.5001213332216691
Igh-V7183,Igh-V7183,0.5
Dennd3,Dennd3,0.5
Catsperb,Catsperg2,0.5
Cxcl1,Cxcr2,0.5066541084101125
Cxcr2,Cxcl2,0.5460935094092332
Ttll6,Ttll6,0.5
Tektip1,Tekt4,0.9889711334038388
Tektip1,SPMIP6,0.904628668634167
Tektip1,Cfap161,0.9874596073449996
Tektip1,Tekt3,0.9889840652786125
Tektip1,Tekt2,0.988983055638246
Tektip1,Tekt1,0.9873009106107806
Tekt4,Tekt5,0.9997866992933359
Tekt4,Tekt4,0.9999046736901422
Tekt4,SPMIP6,0.9136762862689922
Tekt4,Spag8,0.9882620877261078
Tekt4,Spmip8,0.8342527290502784
Tekt4,Tekt3,0.9999178947254903
Tekt4,Tekt2,0.9999168625092644
Tekt4,Ribc1,0.9961097303585048
Tekt4,Cimip2a,0.9998687284162219
Tekt4,Ribc2,0.9973827710494909
Tekt4,Efhc1,0.9998912651373673
Tekt4,Spmip9,0.9995398535894847
SPMIP6,Ribc2,0.9115893857585096
Cfap161,Cfap107,0.9434399392322044
Cfap161,Mns1,0.9919258934678957
Cfap161,Tekt3,0.9983725296240837
Cfap161,Cfap95,0.9856385256363879
Cfap161,Ribc2,0.9958452426182614
Cfap161,Cfap141,0.9720946706842947
Cfap161,Nme7,0.9976414645222761
Tekt3,Tekt5,0.999799917208602
Tekt3,Saxo4,0.9995458843210392
Tekt3,Tekt3,0.9999311161104967
Tekt3,Tekt2,0.9999300838669717
Tekt3,Efhc2,0.9997126983438934
Tekt3,Cimip2a,0.9998819485009213
Tekt3,Dusp3,0.6899316061056097
Tekt3,Dusp21,0.9819281310856706
Tekt3,Spmip9,0.9995530649763943
Tekt3,Tekt1,0.9982102800926679
Tekt3,Nme7,0.9991977647105476
Tekt2,Tekt5,0.9997988852359725
Tekt2,Saxo4,0.9995448528729297
Tekt2,Tekt2,0.9999290516255779
Tekt2,Ribc1,0.9961218266482301
Tekt2,Cimip2a,0.999880916358916
Tekt2,Dusp21,0.9819271360141959
Tekt2,Efhc1,0.999903453629558
Tekt2,Spmip9,0.9995520335134584
Tekt2,Tekt1,0.998209251402276
Tekt2,Cimip2c,0.9963120933477748
Tekt1,Saxo4,0.9978263743273709
Tekt1,Efhc2,0.9979926141519615
Tekt1,Efhc1,0.9981837414656302
Tekt1,Tekt1,0.9964953674440891
Tekt1,Cimip2c,0.9946047357813533
Spocd1,Spocd1,0.5
Ptprb,Cdh5,0.5
Cdh5,Pard3,0.5
Ep300,Tp53,0.8086383397325182
Ep300,Rela,0.824870256194244
Ep300,Kat2b,0.5866408313659791
Tp53,Mdm4,0.8060620940472689
Tp53,Tp53,0.9512710741633412
Tp53,Mdm2,0.970557167796322
Tp53,Crebbp,0.9729899649537879
Tp53,Uba52,0.9736431209232869
Tp53,Skil,0.6714591804176504
Rela,Socs1,0.9394622314187739
Rela,Tnf,0.9475370743066676
Rela,Il6,0.9121412856910475
Rela,Ccl2,0.6881645589037834
Rela,Bcl2,0.9783436327196879
Rela,Il1b,0.818137292328222
Rela,Cxcl2,0.7462840131314747
Rela,Irf1,0.9425828008815018
Rela,Ccnd1,0.974005621758253
Rela,Nfkb1,0.9963680668604467
Rela,Nos2,0.878716842140093
Rela,Ccl5,0.746284031853701
Rela,Il12b,0.9872319227308342
Rela,Crebbp,0.9978654668276583
Rela,Rela,0.9999857772146317
Rela,Bcl2a1,0.8189086980394195
Rela,Chuk,0.9794811487067793
Rela,Tnfaip3,0.992483139899152
Rela,Nfkbib,0.9788515735952452
Rela,Il23a,0.8262398608542281
Rela,Nfkb2,0.8665424358350795
Rela,Nfkbia,0.975106283629786
Kat2b,Nr2c1,0.5204669616844597
Tut4,Lin28a,0.5
Lin28a,Lin28a,0.5
Itpkb,Itpkb,0.5
Plxnb2,Plxnb2,0.5
Syce3,Syce3,0.5
Syce3,Syce2,0.5
Syce3,Syce1,0.5
Sult6b2,Sult6b2,0.5
Qtrt2,Qtrt2,0.5
Qtrt2,Qtrt1,0.5
Qtrt1,Qtrt1,0.5
H2ac4,H2ac4,0.9700464583067152
H2ac4,H4c1,0.9754855317516522
H2ac4,H3c1,0.9755820905066513
H2ac4,H3-3a,0.9508584222127814
H2ac4,H2bc4,0.9263625300099155
H2ac4,H2bu2,0.9356113872175075
H4c1,H2ac7,0.9280933164463496
H4c1,H3c1,0.9810852187052569
H4c1,H3-3a,0.9560754641207614
H4c1,Kmt5c,0.7390707528253756
H4c1,H2bc4,0.9312961213047994
H4c1,Brdt,0.8817727874988616
H4c1,H2bu2,0.9406520003029929
H4c1,Orc1,0.7390707528253756
H3c1,Morc3,0.7391652034748477
H3c1,Wdr5,0.9219277293827355
H3c1,H3c1,0.9811829146111568
H3c1,Cbx1,0.8587594956373134
H3c1,Brdt,0.8818503156308275
H3c1,H2bu2,0.9407414852729781
H3c1,Abcb9,0.7391652034748477
H3c1,Carm1,0.7602694670377558
H3-3a,H2ac7,0.9059208205595786
H3-3a,Daxx,0.7247877743824481
H3-3a,H3-3a,0.932453671946526
H3-3a,Hira,0.6643094684582229
H3-3a,Cbx5,0.8401267655648089
H2bc4,H2ac7,0.8838664634189826
H2bc4,H2bc4,0.8867383825235367
H2bu2,H2ac12,0.6533847739484088
H2bu2,H2bu2,0.9036989904298791
H2ac7,H2ac7,0.8810158711847773
Gls,Gls,0.5
Piezo1,Piezo1,0.5
Piezo1,Mdfic,0.5
Rasa1,Dok2,0.5175205753045135
Dok2,Nck2,0.5175205753045135
Dok2,Egfr,0.565203856717345
Dok2,Tek,0.5628886527938102
Dok2,Nck1,0.5287422589731817
Znf568,Znf568,0.5
Pkhd1,Pkd2,0.5
Ryr1,Ryr1,0.5
Ryr1,Ryr2,0.5
Ryr1,Fkbp1a,0.5
Ryr1,S100a1,0.5
Ryr2,Ryr2,0.5
Ryr2,Prkaca,0.5
Ryr2,Camk2d,0.5
Ryr2,Fkbp1b,0.5
S100a1,S100a1,0.5000000000000001
Kank1,Eif4a1,0.5
Kank1,Kif21a,0.5
Eif4a1,Eif4g1,0.5
Cenpf,Snap25,0.5
Cenpf,Nde1,0.5
Snap25,Stx1a,0.5
Snap25,Dnajc5,0.5
Snap25,Vamp2,0.5
Snap25,Syp,0.5
Prkaca,Prkaca,0.5
Prkaca,Prkar2a,0.5
Prkaca,Prkar2b,0.5
Prkaca,Pln,0.5
Prkaca,Pkia,0.5
Prkaca,Prkar1a,0.5
Camk2d,Camk2d,0.5000000000000001
Pdzd7,Pdzd7,0.5
Pdzd7,Fchsd2,0.5
Dpysl2,Dpysl2,0.49999999999999994
Cacng2,Cacng2,0.49999999999999994
Camk2a,Camk2a,0.5019254680772307
Camk2a,Grin1,0.5016377974128244
Camk2a,Grin2b,0.5029686066439376
Prkce,Src,0.7494930906042682
Prkce,Vim,0.551192389216683
Prkce,Gja1,0.551192389216683
Prkce,Ywhab,0.6563164271031847
Prkce,Ldb3,0.551192389216683
Gnao1,Rgs16,0.5
Gria1,Cnih2,0.5
Gria1,Gria1,0.5
Gria1,Gria2,0.5
Gria1,Cacng8,0.5
Gria2,Cnih2,0.5
Gria2,Gria2,0.5
Gria2,Cacng8,0.5
Gria2,Grip1,0.5000000000000001
Grin2a,Grin1,0.5005293032679357
Grin1,Psen1,0.5005293032679357
Grin1,Grin2b,0.5025250879714024
Pura,Fmr1,0.5
Ywhag,Ndel1,0.5055729057336855
Ywhae,Usp8,0.49999999999999994
Ywhae,Hdac7,0.49999999999999994
Kcnab2,Kcna2,0.5
Rab3a,Rph3a,0.49999999999999994
Rab3a,Rims2,0.5
Ywhaz,Ywhaz,0.5527317984420814
Ywhaz,Ksr1,0.5986215664980059
Ywhaz,Ndel1,0.5278108836602893
Ywhaz,Mlf1,0.5200351796197896
Ywhaz,Adam22,0.5200351796197897
Ywhah,Ywhah,0.49999999999999994
Ywhah,Numb,0.5
Grin2b,Dapk1,0.5100316779556715
Agap2,Tnik,0.525018634482964
Agap2,Cyfip1,0.503611680214336
Agap2,Cnksr2,0.5036116800568797
Agap2,Homer1,0.5036116803500308
Cyfip1,Wasf1,0.5005213806878879
Ddn,Wwc1,0.5000056779693058
Ddn,Magi2,0.5000262002796718
Dlg1,Cask,0.5
Synj1,Sh3gl2,0.5
Morc3,Morc3,0.6188737023204336
Aox3,Aox3,0.5
Tekt5,Tekt5,0.9996687527377544
Tekt5,Mns1,0.9933348172570315
Tekt5,Efhc2,0.9995815567622377
Tekt5,Cimip2a,0.9997507625022768
Tekt5,Dusp21,0.9818016567784049
Tekt5,Spmip9,0.9994219652879552
Tekt5,Nme7,0.9990667582649637
Mns1,Cfap107,0.9390727310324155
Mns1,Mns1,0.9870811724457855
Mns1,Efhb,0.9911356019027642
Efhc2,Saxo4,0.9993276348605572
Efhc2,Spmip5,0.9612758878365483
Efhc2,Ribc1,0.9959060970766827
Efhc2,Cimip2a,0.9996635522154362
Efhc2,Efhc1,0.9996860796861554
Efhc2,Spmip9,0.9993348123787149
Efhc2,Cimip2c,0.9960962810422064
Cimip2a,Saxo4,0.9994967545985357
Cimip2a,Spmip5,0.9614321196407593
Cimip2a,Cimip2a,0.9998327857269196
Cimip2a,Dusp21,0.9818807340475005
Cimip2a,Efhc1,0.9998553208275788
Cimip2a,Spmip9,0.9995039345476824
Cimip2a,Cimip2c,0.9962643063370319
Dusp21,Spmip9,0.9815636939249468
Spmip9,Spmip5,0.9611285331193967
Spmip9,Efhc1,0.9995264548219943
Spmip9,Cimip2c,0.9959378029402709
Nme7,Spag8,0.987558747861222
Nme7,Efhb,0.9968419907456485
Nme7,Cfap95,0.9864426749962976
Nme7,Cfap68,0.9169496067800417
Nme7,Cfap141,0.9728763933179141
Igk,Igk,0.7563833017703394
Igk,Igh-1a,0.7338051362418571
Igk,Ighg1,0.7338051362418571
Igh-1a,Igkc,0.7949818079301945
Igh-1a,Igh-1a,0.7132152966110112
Ighg1,Igkc,0.7949818079301945
Ighg1,Ighg1,0.7132152966110112
Kif14,Kif14,0.5
Efna5,Ephb2,0.5
Ephb2,Efnb2,0.5
Ephb2,Ephb2,0.5
Sec22b,Sec22b,0.5
Lgals9,Lgals9,0.5
Esrra,Esrra,0.5
Gtpbp1,H2-K1,0.6632463219589623
H2-K1,Cd8a,0.938965989395634
H2-K1,B2m,0.9616772313699289
H2-K1,H2-K1,0.9297246148612064
H2-K1,Insr,0.7152838636350068
H2-K1,Dpagt1,0.6632463219589623
H2-K1,TRADV16D,0.7579173779227888
H2-K1,Ndufa4,0.6632463219589623
H2-K1,Klra3,0.8814355066053772
H2-K1,Kctd20,0.7282877563994944
H2-K1,Rbm5,0.7282877563994944
H2-K1,Prpf19,0.6632463219589623
Pten,Uba52,0.6888730507354816
Uba52,Ikbkg,0.9976086027489253
Uba52,Rplp0,0.8617611375293126
Uba52,Mdm2,0.993885334753809
Uba52,Rpl9,0.9745943932057578
Uba52,Uba52,0.9971242759440646
Uba52,Traf6,0.9984090185855266
Uba52,Notch1,0.7749694979703634
Uba52,Traf3,0.9780362973757837
Uba52,Sqstm1,0.9628558502202865
Uba52,Prkn,0.7080568891377732
Endog,Endog,0.5
Raet1b,Raet1b,0.5
Raet1b,Klrk1,0.5
Klrk1,Klrk1,0.5
Raet1c,Raet1c,0.5
Mlx,Mlxip,0.5
Map3k4,Axin1,0.6118309121046561
Axin1,Axin1,0.7943503957498148
Axin1,Lrp6,0.6170381494473716
Axin1,Map3k1,0.6118309121046561
Axin1,Ppp2ca,0.6170381478186066
Axin1,Dab2,0.6462970941746012
Axin1,Ctnnb1,0.8755458754917312
Axin1,Tnks,0.646297094174601
Axin1,Lrp5,0.6118309121046561
Axin1,Gsk3b,0.82320930144002
Sema3a,Sema3a,0.5000000000000001
Sema3a,Plxna2,0.5000000000000001
Sema3a,Nrp1,0.5
Sema3a,Plxna4,0.5
Plxna2,Sema6a,0.5
Plxna2,Plxna2,0.5000000000000001
Plxna2,Nrp1,0.5
Nrp1,Flt1,0.5
Nrp1,Plxna4,0.49999999999999994
Nrp1,Gipc1,0.5
Plxna4,Sema6a,0.49999999999999994
F2rl2,F2,0.5
F2,F2rl3,0.5
F2,F2,0.5
Barx2,Atf2,0.5280181486742404
Barx2,Creb1,0.5972825107447103
Atf2,Mapk14,0.5288150604154668
Creb1,Ppargc1a,0.7201535258426761
Creb1,Crebbp,0.8358229641243807
Creb1,Creb1,0.7274858690723456
Mstn,Mstn,0.5
Tnfrsf11b,Tnfsf11,0.533153402182939
Tnfsf11,Tnfsf11,0.587257572002985
Tnfsf11,Tnfrsf11a,0.6755522090707098
Bak1,Bak1,0.550253509850015
Bak1,Bcl2a1,0.6011045589703452
Bak1,Mfn2,0.5190937561883632
Bcl2a1,Bid,0.5772855546462501
Bcl2a1,Bcl2a1,0.7034113015209613
Bcl2a1,Bmf,0.6087654470234595
Bcl2a1,Bbc3,0.635364313179217
Ogg1,Ogg1,0.5
Prss12,Prss12,0.5
Clock,Clock,0.9774041590348892
Clock,Per2,0.9851372965575097
Clock,Cry1,0.9834777423684015
Clock,Cipc,0.7372916073071641
Clock,Sirt1,0.896770119477165
Clock,Cry2,0.9807336932993976
Clock,Bmal1,0.9796833759209156
Per2,Per1,0.978858583480262
Per2,Per2,0.9929956977897398
Per2,Cry1,0.9913092616379846
Per2,Fbxl3,0.92979062760996
Per2,Csnk1e,0.904607198275248
Per2,Cry2,0.9885207636289837
Per2,Bmal1,0.9874534328906962
Cry1,Per1,0.9772205074678749
Cry1,Cry1,0.9896285944349379
Cry1,Fbxl21,0.8824149264128514
Cry1,Fbxl3,0.9283204029095489
Cry1,Timeless,0.8808472557894732
Cry1,Bmal1,0.9857859556790093
Cipc,Cipc,0.6179447347342912
Sirt1,Ppargc1a,0.7650600601670526
Sirt1,Ppara,0.6752161741946521
Sirt1,Pparg,0.6252896930335369
Sirt1,Ncor1,0.733852259690328
Sirt1,Bmal1,0.8986643743533923
Cry2,Per1,0.9745119722562811
Cry2,Fbxl21,0.8802444742268711
Cry2,Fbxl3,0.9258894074368686
Cry2,Cry2,0.9840864485564527
Cry2,Bmal1,0.9830288060057152
Bmal1,Crebbp,0.9888152505090849
Bmal1,Epas1,0.7636571580311272
Bmal1,Hif1a,0.7636571843286606
Dctn1,Cep290,0.5
Cep290,Kif3a,0.5
Cep290,Ccp110,0.5
Cep290,Pcm1,0.5
Prkcsh,Ganab,0.5
Ganab,Ganab,0.5
Prdx4,Prdx4,0.5
Diaph1,Diaph1,0.5003986463864607
Diaph1,Ppfia3,0.5001674108746548
Diaph1,Cdc42,0.5007344965150176
Diaph1,Pfn2,0.5002030731360274
Ppfia3,Ptprd,0.5000443366131417
Cdc42,Pak1,0.5033414621643012
Pfn2,Actb,0.5000443547629676
Pfn2,Vasp,0.5000393044561152
Pfn2,Pfn2,0.50010344681396
Pik3r2,Pik3cb,0.5418015615170756
Pik3cb,Pik3r1,0.7213753198024174
Pik3cb,Pik3cb,0.6100189573070328
Galnt1,Galnt1,0.5
Aip,Hsp90ab1,0.52639204314443
Aip,Ahr,0.534601929511
Hsp90ab1,Nr3c1,0.5244288191404455
Hsp90ab1,Hsp90ab1,0.5343952183461793
Hsp90ab1,Ahr,0.5450946868424295
Hsp90ab1,Chordc1,0.5130683581233838
Hsp90ab1,Ptges3,0.5130683581233838
Ahr,Ahr,0.5591224850195685
Ahr,Arnt,0.5856603533718978
Cyth3,Cyth3,0.5
Mras,Mras,0.5
Ncoa3,Carm1,0.5534885669916133
Carm1,Ncoa2,0.5792688815901704
Carm1,Carm1,0.6407784720013556
Snap23,Vamp2,0.5
Vamp2,Stx1a,0.5
Vamp2,Syp,0.5
Psmb1,Psmb1,0.998179864541247
Psmb1,Psmb10,0.9971447930457872
Psmb1,Psmb5,0.9798040863669516
Psmb1,Psmb8,0.9902414704403533
Psmb1,Psmb7,0.9898914129367125
Psmb1,Psmb4,0.9944857525169324
Psmb1,Psmb3,0.9981747395802345
Psmb1,Psma1,0.9972905123510128
Psmb1,Psma5,0.9948594474049173
Psmb10,Psmb8,0.9892228925971635
Psmb10,Psmb9,0.9777103708216067
Psmb10,Psma2,0.9972088281317922
Psmb10,Psmb4,0.9934583563016869
Psmb10,Psma6,0.9934762401070926
Psmb10,Psma4,0.9972075958486304
Psmb10,Psmb3,0.9971396787329391
Psmb5,Psmb3,0.9797991504443836
Psmb5,Psmb2,0.9714502736129006
Psmb5,Psma7,0.9764721125362029
Psmb5,Psma5,0.9766061455751837
Psmb8,Psmb3,0.9902364271445447
Psmb8,Psmb2,0.9817059336146055
Psmb8,Psma7,0.9868370147538177
Psmb8,Psma5,0.9869739634709807
Psmb7,Psma2,0.9899545137459722
Psmb7,Psmb4,0.9862587615833616
Psmb7,Psmb6,0.9701877227838
Psmb7,Psma6,0.9862763844626945
Psmb7,Psmb3,0.9898863732420753
Psmb4,Psma3,0.9909159709599984
Psmb4,Psmb9,0.9751552777082169
Psmb4,Psmb6,0.9745972756109655
Psmb4,Psma1,0.9936029950665776
Psmb3,Psma2,0.9982389073292299
Psmb3,Psma4,0.9982376724931182
Psmb3,Psmb2,0.9895010775346207
Psmb3,Psma1,0.9972853965390961
Psma1,Psma3,0.9937004827285351
Psma1,Psma2,0.9973545662064959
Psma1,Psma4,0.9973533335621365
Psma1,Psma7,0.9938371049697218
Psma1,Psma5,0.9939760228333262
Psma5,Psma2,0.9949231881253637
Psma5,Psma4,0.9949219615069359
Psma5,Psma7,0.9914229224241966
Gata2,Tal1,0.6487078828712416
Tal1,Hdac1,0.9358405653340943
Tal1,Cbfa2t3,0.6487078828712416
Tal1,Cbfa2t2,0.6487078828712416
Tal1,Myb,0.7762113496918496
Tal1,Tcf3,0.8959670240847769
Tal1,Gata1,0.7710128514932686
Tal1,Tal1,0.8914662202930417
Tal1,Lmo2,0.6945409007416
Tal1,Lyl1,0.6487078828712416
Tal1,Ldb1,0.6945409163080096
Tal1,Erg,0.6487078828712416
Hdac1,Zbtb7a,0.684360538021125
Hdac1,Nfkb1,0.9889962309393984
Hdac1,Sox2,0.9579084466470842
Hdac1,Hdac2,0.9456960060493526
Hdac1,Sin3a,0.9482963057883106
Hdac1,Ezh2,0.8482502243991245
Hdac1,Kdm1a,0.8466110748308923
Hdac1,Rcor1,0.7761852719417186
Hdac1,Satb2,0.7922510276927094
Hdac1,Mta2,0.8949990259704954
Nfkb1,Hdac3,0.6872267230923604
Nfkb1,Il6,0.9091591852702358
Nfkb1,Bcl2,0.9748825168403745
Nfkb1,Rel,0.9831778180206048
Nfkb1,Nfkb1,0.992776532907278
Nfkb1,Il12b,0.9837064945045104
Nfkb1,Relb,0.923126840729228
Nfkb1,Nfkbiz,0.6872267230923604
Sox2,Pou5f1,0.9388323021412781
Sox2,Hdac2,0.9205875290647029
Sox2,Sin3a,0.9230413397948686
Sox2,Chd4,0.8517829115456762
Sox2,Xpo4,0.7147794987372061
Hdac2,Sin3a,0.9117588066368563
Hdac2,Kdm1a,0.81836122826959
Hdac2,Mta2,0.8628054156509911
Sin3a,Sap30,0.6573527946239739
Sin3a,Sap25,0.6573527946239739
Sin3a,Trp53,0.9276527549985939
Sin3a,Ncor1,0.762077881075508
Sin3a,Suds3,0.6573527946239739
Sin3a,Hbp1,0.6573527946239739
Sin3a,Mecp2,0.6671098180783632
Ezh2,Dnmt1,0.6242259669900933
Ezh2,Rbbp4,0.594959771090326
Ezh2,Rbbp7,0.594959771090326
Ezh2,Jarid2,0.6833939556454813
Ezh2,Suz12,0.6833939556454813
Ezh2,Eed,0.6978474073939998
Ezh2,Aebp2,0.6486696495642521
Kdm1a,Rcor1,0.6972794936726447
Satb2,Mta2,0.737898150616907
Mta2,Chd4,0.8034534707342943
Lhb,Egr1,0.5
Egr1,Egr1,0.5
Egr1,Srf,0.5
Map2k3,Mapk14,0.5167185814087389
Mapk14,Mapk14,0.5440022936525254
Mapk14,Mapkapk2,0.5167185814087389
Mapk14,Tab1,0.576795255601527
Ndufb11,mt-Nd2,0.9999170794408471
Ndufb11,Mtnd4,0.9999178008802156
Ndufb11,Mtnd5,0.999930295793501
Ndufb11,Ndufb6,0.999568894281064
Ndufb11,Ndufs2,0.9999317489060896
Ndufb11,Ndufa10,0.9995765968721623
Ndufb11,Ndufc2,0.9998601070629082
Ndufb11,Ndufb4,0.9999006539388069
Ndufb11,Ndufb5,0.9999289344328226
Ndufb11,Ndufb9,0.999767016186327
Ndufb11,Ndufb8,0.9997684830262333
Ndufb11,Ndufb10,0.9995790200434627
mt-Nd2,mt-Nd3,0.9999709494448916
mt-Nd2,Mtnd4l,0.9918029973096634
mt-Nd2,Mtnd4,0.9999712702501263
mt-Nd2,Mtnd5,0.9999837664998218
mt-Nd2,Mtnd6,0.9999144625487255
mt-Nd2,Ndufs2,0.9999852197678298
mt-Nd2,Ndufa10,0.9996300297481469
mt-Nd2,Ndufs5,0.9996356699643211
mt-Nd2,Ndufc2,0.9999135702621005
mt-Nd2,Ndufb5,0.9999824049935372
mt-Nd2,Ndufc1,0.991219694258652
mt-Nd2,Ndufa11,0.9992378723661698
mt-Nd2,Ndufa8,0.9998254060748917
Mtnd4,Mtnd5,0.9999844880354276
Mtnd4,Ndufb1,0.9962758884144961
Mtnd4,Ndufs2,0.9999859413055331
Mtnd4,Ndufa10,0.999630750773269
Mtnd4,Ndufc2,0.9999142916964049
Mtnd4,Ndufb4,0.9999548429675686
Mtnd4,Ndufb5,0.9999831265271784
Mtnd4,Ndufb9,0.9998211907288104
Mtnd4,Ndufb8,0.9998226577277215
Mtnd4,Ndufa11,0.9992385928253624
Mtnd4,Ndufa8,0.9998261273819647
Mtnd4,Ndufb10,0.9996331742072402
Mtnd5,Mtnd4l,0.9918159991496006
Mtnd5,Cox7a2,0.9981724848003732
Mtnd5,Ndufb6,0.9996355348934475
Mtnd5,Ndufs2,0.9999984379219159
Mtnd5,Ndufb2,0.9908871892474486
Mtnd5,Ndufb4,0.9999673388066814
Mtnd5,Ndufb5,0.9999956230732088
Mtnd5,Ndufb9,0.9998336832274277
Mtnd5,Ndufb3,0.9811574144267575
Mtnd5,Ndufab1,0.998146982195159
Mtnd5,Ndufb7,0.9914629959827063
Mtnd5,Ndufb8,0.9998351502630051
Mtnd5,Ndufa11,0.9992510707625655
Mtnd5,Ndufb10,0.9996456620065848
Ndufb6,Ndufb2,0.9905323250311313
Ndufb6,Ndufb4,0.9996059105157095
Ndufb6,Ndufb5,0.9996341743354328
Ndufb6,Ndufb9,0.9994723515565823
Ndufb6,Ndufab1,0.9977868698469056
Ndufb6,Ndufb7,0.99110771551351
Ndufb6,Ndufb8,0.999473817531634
Ndufb6,Ndufb10,0.9992844662569952
Ndufs2,Mtnd1,0.9999907595520854
Ndufs2,mt-Nd3,0.9999856204908846
Ndufs2,Mtnd4l,0.9918174286769279
Ndufs2,Ndufs6,0.9959757212607107
Ndufs2,Ndufa12,0.999657753065275
Ndufs2,Ndufs8,0.9999933196364617
Ndufs2,Ndufs1,0.9999550326496918
Ndufs2,Ndufa10,0.9996446907902616
Ndufs2,Ndufa5,0.9963006337785861
Ndufs2,Ndufa6,0.9998453990240056
Ndufs2,Ndufs4,0.9999558041821371
Ndufs2,Ndufb8,0.9998366030990409
Ndufs2,Ndufa11,0.999252521900898
Ndufs2,Ndufs7,0.9998435956024331
Ndufs2,Ndufs3,0.9998415056737016
Ndufs2,Ndufa13,0.9998989130516082
Ndufs2,Ndufa7,0.999832452877676
Ndufa10,mt-Nd3,0.9996304301865275
Ndufa10,Mtnd6,0.9995739817623486
Ndufa10,Cox6a2,0.9977473847194435
Ndufa10,Ndufa5,0.9959480612926187
Ndufa10,Ndufc2,0.9995730900834405
Ndufa10,Ndufc1,0.9908851352884389
Ndufc2,Ndufb1,0.9962186148979504
Ndufc2,Ndufs5,0.9995787296568351
Ndufc2,Ndufb4,0.9998971448753596
Ndufc2,Ndufb5,0.9999254251708597
Ndufc2,Ndufc1,0.9911637130665241
Ndufc2,Ndufa11,0.9991809773931523
Ndufc2,Ndufa8,0.9997684441443848
Ndufc2,Ndufb10,0.9995755132377314
Ndufb4,Uqcr10,0.996162327041053
Ndufb4,Uqcrq,0.9999355872256436
Ndufb4,Ndufb9,0.9998040471010836
Ndufb4,Uqcrfs1,0.9999523293542197
Ndufb4,Uqcrc1,0.9998930684384589
Ndufb4,Ndufb8,0.9998055140496774
Ndufb4,Ndufa11,0.9992214691804651
Ndufb4,Ndufb10,0.9996160370283902
Ndufb5,Mtnd6,0.9999263174786445
Ndufb5,Ndufb1,0.9962869408589209
Ndufb5,Ndufs5,0.9996475182829758
Ndufb5,Ndufa3,0.9983331974124332
Ndufb5,Ndufb9,0.9998323221298353
Ndufb5,Ndufab1,0.9981456256906236
Ndufb5,Ndufa11,0.9992497112514855
Ndufb5,Ndufa8,0.9998372588929326
Ndufb5,Ndufb10,0.999644301420993
Ndufb5,Ndufa13,0.9998960987631977
Ndufb9,Cox7a2,0.9980097793026119
Ndufb9,Ndufb3,0.9810002661317304
Ndufb9,Ndufab1,0.9979842850266696
Ndufb9,Uqcrc1,0.9997594327138005
Ndufb9,Ndufb8,0.999671901730813
Ndufb8,Ndufb2,0.9907283034684176
Ndufb8,Ndufab1,0.9979857466341752
Ndufb8,Ndufb7,0.991303923831931
Ndufb8,Ndufb10,0.999483941366922
Ndufb10,Ndufb1,0.9959395756037873
Ndufb10,Ndufb7,0.9911176697762681
Ptgds,Ptgds,0.5
Ntn1,Dscam,0.5
Epha8,Sash1,0.5
Nfatc2ip,Nfatc2ip,0.5
Rpl21,Rpl7,0.9821507476771135
Rpl21,Rpl18,0.98634335507009
Rpl21,Rpl29,0.9707939063666581
Rpl21,Rpl5,0.9724949977240013
Rpl21,Rpl18a,0.9864172146644197
Rpl21,Rpl10l,0.9023684225674835
Rpl21,Rpl10,0.9023684225674835
Rpl7,Rpl18,0.9851325698031729
Rpl7,Rpl6,0.9868765233285708
Rpl7,Rpl29,0.9696218325228592
Rpl7,Rpl18a,0.9852062455189571
Rpl7,Rpl4,0.9897379821765634
Rpl18,Rpl27a,0.9877679492991195
Rpl18,Rpl28,0.9513928612990297
Rpl18,Rpl29,0.973705493030334
Rpl18,Rpl13,0.983766821769986
Rpl18,Rpl4,0.9939965653989002
Rpl29,Rpl6,0.975408368524564
Rpl29,Rpl5,0.9602169917978173
Rpl5,Mdm2,0.976056128629028
Rpl5,Rpl10l,0.8933287634445785
Rpl5,Rpl10,0.8933287634445785
Rpl5,Rpl11,0.9328663735734922
Rpl18a,Rpl35a,0.9490734314485191
Rpl18a,Rpl13a,0.9767641366151351
Rpl18a,Rpl9,0.9709408406340602
Rpl18a,Rpl10l,0.9049183218525187
Rpl18a,Rpl10,0.9049183218525187
Rpl18a,Rpl14,0.9492284105143473
Smad6,Bmpr1b,0.5
Smad6,Peli1,0.5
Ddt,Ddt,0.5
Psmd4,Ubc,0.5000000000001046
Ubc,Psmd14,0.5000000000001046
Ubc,Tnk2,0.5000000000001046
Ubc,Nipsnap2,0.5000000000001046
Ubc,Ikbkg,0.9985710711593719
Ubc,Psmc3,0.5000000000001046
Ubc,Tom1,0.5000000000001046
Ubc,Stam2,0.5000000000001841
Ubc,Ubc,0.9990491989897161
Ubc,Psmd3,0.5000000000001046
Ubc,Psmd7,0.5000000000001046
Ubc,Plaa,0.5000000000001046
Ubc,Eps15,0.6634870190893077
Ubc,Psmc2,0.5000000000001046
Ubc,Brcc3,0.7750160950711681
Ubc,Psmc4,0.5000000000001555
Ubc,Usp5,0.5000000000001046
Ubc,Ube2k,0.5000000000001046
Ubc,Psmc1,0.5000000000001046
Ubc,Stam,0.5000000000001046
Ubc,Ufd1,0.5000000000001934
Ubc,Nbr1,0.5000000000001046
Ubc,Vcp,0.5000000000002736
Ubc,Abraxas2,0.5000000000001046
Ubc,Cblb,0.7375182817462728
Ubc,Psmd1,0.5000000000001046
Ubc,Babam1,0.7896444489929944
Ubc,Tax1bp1,0.6869388169151442
Ubc,Tab3,0.5000000000001046
Ubc,Usp13,0.5000000000001046
Ubc,Tom1l2,0.5000000000001046
Ubc,Uimc1,0.8284948491563289
Ubc,Tnfaip3,0.9920216615806006
Ubc,Eps15l1,0.5000000000001046
Ubc,Map3k7,0.9755496094477522
Ubc,Sqstm1,0.9637511002862349
Ubc,Mysm1,0.5000000000001046
Ubc,N4bp1,0.5000000000001046
Ubc,Ankrd13d,0.5000000000001046
Ubc,Poli,0.5000000000001046
Ubc,Ubfd1,0.5000000000001046
Ubc,Huwe1,0.5000000000001046
Ubc,Usp8,0.5000000000001595
Ubc,Ankrd13a,0.5000000000001046
Ubc,Epn1,0.5000000000001046
Ubc,Cfap36,0.5000000000001555
Ubc,Epn2,0.5000000000001046
Ubc,Babam2,0.818635692437703
Ubc,Cuedc1,0.5000000000001046
Ubc,Psmd2,0.5000000000001046
Ubc,Sharpin,0.6407235773754114
Ubc,Vps36,0.5000000000001046
Ubc,Wrnip1,0.5000000000001046
Ubc,Ubxn1,0.5000000000001046
Ubc,Rnf31,0.7413848443254408
Ubc,Tab2,0.7344449719950114
Ubc,Hgs,0.5000000000001594
Ubc,Atxn3,0.5000000000001046
Ubc,Nsfl1c,0.5000000000001934
Ubc,Mycbp,0.5000000000001046
Ubc,Adrm1,0.5000000000001046
Ubc,Rabgef1,0.5000000000001046
Ubc,Tollip,0.5000000000001046
Ubc,Uchl1,0.5000000000001046
Ubc,Rbck1,0.6824585230537471
Ubc,Tnip1,0.7445526270647301
Ubc,Itsn2,0.5000000000001046
Ubc,Hdac6,0.6236827652814017
Ebi3,Ebi3,0.6330794425259691
Ebi3,Il27ra,0.5725463865790884
Ebi3,Il12a,0.7169967410034213
Ebi3,Il27,0.585421859426754
Il27ra,Il27,0.5465665253674965
Il12a,Rel,0.9094300405345458
Il12a,Irf1,0.8723174852655903
Il12a,Il12b,0.9098780247469046
Il12a,Il12rb2,0.6828140431406285
Il27,Il27,0.554831113877714
Tnfrsf11a,Tnfrsf11a,0.8531908738940379
Tnfrsf11a,Traf2,0.9085269664369463
Tnfrsf11a,Traf5,0.7330156427401104
Tnfrsf11a,Traf6,0.9201052830895653
Smad7,Smad7,0.5
Aoah,Aoah,0.5
Traf2,Tnfrsf1a,0.9822514884851627
Traf2,Cd40,0.8971236229085358
Traf2,Traf1,0.6795357793173344
Traf2,Tnfrsf4,0.6795357793173344
Traf2,Ube2n,0.8176218634246376
Traf2,Tank,0.948563694551735
Traf2,Tnfaip3,0.9787717692619347
Traf2,Map3k7,0.9627433010890415
Traf5,Traf5,0.6537307268530286
Traf5,Srsf1,0.5584097589699657
Traf5,Traf3ip2,0.6426912257804169
Traf6,Ikbkg,0.9988945970598966
Traf6,Myd88,0.9954032012718965
Traf6,Cd40,0.9083787503151127
Traf6,Ube2n,0.8266237820558594
Traf6,Traf6,0.9996970814503907
Traf6,Irf7,0.8902266794380097
Traf6,Nlrx1,0.6890366762236021
Traf6,Trafd1,0.6890366762236021
Traf6,Tnfaip3,0.9923409375281004
Traf6,Map3k3,0.6890366762236021
Traf6,Map3k7,0.9758581965771316
Traf6,Irak1,0.9412422016765934
Traf6,Sqstm1,0.964052031288891
Traf6,Cyld,0.8193561265292355
Traf6,Ticam1,0.9000392081432823
Traf6,Traf3ip2,0.7572588565126421
Traf6,Rnf11,0.8287544580255175
Traf6,Ecsit,0.6890366762236021
Hs3st1,Hs3st1,0.5
Sult3a1,Sult3a1,0.5
Pld3,Pld3,0.5
Agxt,Agxt,0.5
Sema6a,Sema6a,0.49999999999999994
Azin1,Azin1,0.5
Crygs,Crygs,0.5
Rabep1,Rabgef1,0.5
Daxx,Fas,0.6271332916517086
Daxx,Dmap1,0.54439466350946
Fas,Casp8,0.5998109934842721
Fas,Fas,0.6383288598750689
Fas,Ube2i,0.5591869317884345
Fas,Fadd,0.6622904566208652
Dmap1,Ruvbl1,0.506408861205177
Zfpm1,Gata1,0.5712869792409477
Gata1,Spi1,0.7941338065672254
Gata1,Brd3,0.5712869792409477
Mdm4,Mdm2,0.8191423523249471
Mdm2,Mdm2,0.9906674964155795
Mdm2,Ccng1,0.8015276014569462
Mdm2,Trp53,0.9654791813701104
Mdm2,Cdkn2a,0.9175024796953744
Mdm2,Rpl11,0.9461521384368237
Lrp6,Mesd,0.523130644116804
Map3k1,Map2k4,0.5161429991895039
Ppp2ca,Igbp1,0.5176813420163491
Ppp2ca,Ppp2r1a,0.5231306360474193
Dab2,Dab2,0.5727121147889458
Ctnnb1,Axin2,0.6776232920899626
Ctnnb1,Cdh1,0.7326745057246314
Ctnnb1,Cdh2,0.7326744882018136
Ctnnb1,Ctnna1,0.7326744882018136
Ctnnb1,Lef1,0.6776232920899626
Ctnnb1,Nr5a1,0.7616208844798501
Ctnnb1,Irs1,0.9682365699847113
Ctnnb1,Crebbp,0.987375689918923
Ctnnb1,Tnik,0.6776232933025561
Ctnnb1,Ctnnb1,0.9791388312544493
Ctnnb1,Pecam1,0.6776232920899626
Ctnnb1,Tcf4,0.6776232920899626
Ctnnb1,Klf4,0.6776232920899626
Ctnnb1,Ctnna2,0.7326745057246313
Ctnnb1,Apc,0.7925834543889133
Ctnnb1,Tcf7l2,0.6776232920899626
Ctnnb1,Ctnnbip1,0.6776232920899626
Ctnnb1,Csnk1e,0.8988804258825303
Ctnnb1,Gsk3b,0.9123654047318859
Tnks,Tnks,0.5727121147889456
Gsk3b,Akt1,0.7939101982031374
Gsk3b,Apc,0.7518086339841344
Gsk3b,Gsk3b,0.8548976119812519
Nr1i3,Nr1i3,0.5
Neu1,Neu1,0.5
Hap1,Ahi1,0.5
Mrps12,Mrps17,0.5
Mrps12,Mrps25,0.5
Mrps17,Mrps26,0.5
Mrps17,Mrps5,0.5
Mrps17,Mrps25,0.5
Mrps17,Mrps15,0.5
Mrps17,Mrps34,0.5
Mrps25,Mrps26,0.5
Mrps25,Mrps5,0.5
Mrps25,Mrps16,0.5
Mrps25,Mrps22,0.5
Mrps25,Mrps15,0.5
Ndufa1,Mtnd1,0.999642880878771
Ndufa1,mt-Nd3,0.999637745393176
Ndufa1,Mtnd6,0.9995812961425226
Ndufa1,Ndufaf2,0.9914710424289794
Ndufa1,Ndufa12,0.9993101060879523
Ndufa1,Ndufs8,0.999645439181917
Ndufa1,Ndufs5,0.9993026893585507
Ndufa1,Ndufa8,0.9994922990200927
Ndufa1,Ndufa13,0.9995510982823524
Ndufa1,Ndufa7,0.999484684349429
Mtnd1,mt-Nd3,0.9999764890710332
Mtnd1,Mtnd6,0.9999200015489982
Mtnd1,H2-M3,0.8916572632130872
Mtnd1,Ndufaf2,0.9918042492573422
Mtnd1,Ndufa12,0.9996486276333862
Mtnd1,Ndufs8,0.9999841880759979
Mtnd1,Ndufa3,0.9983269016098216
Mtnd1,Ndufa6,0.9998362701650702
Mtnd1,Ndufa9,0.9998370561855786
Mtnd1,Ndufs7,0.9998344667764342
Mtnd1,Ndufa8,0.9998309440884279
Mtnd1,Ndufa13,0.9998897832153265
Mtnd1,Ndufa7,0.9998233242551807
mt-Nd3,Mtnd4l,0.9918033914749138
mt-Nd3,Mtnd6,0.9999148632150705
mt-Nd3,Ndufs5,0.9996360704072221
mt-Nd3,Ndufa3,0.9983217796502727
mt-Nd3,Ndufa6,0.9998311326917596
mt-Nd3,Ndufa9,0.999831918704189
mt-Nd3,Ndufs7,0.9998293293216595
mt-Nd3,Ndufs3,0.9998272394525776
mt-Nd3,Ndufa13,0.9998846451919922
Mtnd6,Mtnd4l,0.9917478273523599
Mtnd6,Ndufs5,0.9995796213458094
Mtnd6,Ndufa3,0.9982654790778981
Mtnd6,Ndufa6,0.99977466159214
Mtnd6,Ndufa9,0.9997754475157655
Mtnd6,Ndufa13,0.9998281680465114
Ndufaf2,Ndufs8,0.9918067674246296
Ndufaf2,Ndufs1,0.9917691073230681
Ndufaf2,Ndufs7,0.9916594948705987
Ndufaf2,Ndufs3,0.9916574391609456
Ndufa12,Ndufs6,0.9956363367382947
Ndufa12,Ndufs8,0.9996511859659569
Ndufa12,Ndufs1,0.9996129251780719
Ndufa12,Ndufs4,0.9996136961825758
Ndufa12,Ndufa9,0.9995041520690965
Ndufa12,Ndufs7,0.9995015643845641
Ndufa12,Ndufa7,0.9994904292845114
Ndufs8,Ndufs6,0.9959692025550549
Ndufs8,Ndufs1,0.9999484616431702
Ndufs8,Ndufa5,0.9962941108025415
Ndufs8,Ndufa3,0.9983294531748071
Ndufs8,Ndufs4,0.999949233165475
Ndufs8,Ndufa9,0.9998396154829531
Ndufs8,Ndufs7,0.9998370260605504
Ndufs8,Ndufs3,0.9998349361592871
Ndufs8,Ndufa13,0.9998923427826772
Ndufs8,Ndufa7,0.9998258834822441
Ndufs5,Mtnd4l,0.9914735891417593
Ndufs5,Ndufa3,0.9979876060995423
Ndufs5,Ndufa8,0.9994906245217335
Ndufs5,Ndufa13,0.9995494235868745
Ndufa8,Ndufb1,0.9961311023488562
Ndufa8,Ndufa3,0.998176716359625
Ndufa8,Ndufc1,0.991077091994153
Ndufa8,Ndufa13,0.9997391269454755
Ndufa13,Stat3,0.8799011619075419
Ndufa13,Ndufa3,0.9982353607540517
Ndufa13,Ndufa7,0.9997315085119642
Ndufa7,Ndufs1,0.9997876093168975
Ndufa7,Ndufv1,0.9771847324272556
Ndufa7,Ndufa5,0.9961344342191281
Ndufa7,Ndufs7,0.9996762095873186
Ndufa7,Ndufs3,0.9996741203584555
Serpini1,Serpini1,0.5
Tnfrsf18,Tnfrsf18,0.5
Tnfrsf18,Tnfsf18,0.5
Tnfsf18,Tnfsf18,0.5
Socs1,Kit,0.8538861425191658
Socs1,Csf1r,0.6609950442728467
Socs1,Ifngr1,0.6467600854553961
Socs1,Elob,0.78759849339351
Socs1,Eloc,0.78759849339351
Socs1,Jak2,0.9278888299500546
Kit,Kitlg,0.6611531665816038
Kit,Pik3r1,0.8800285851225474
Kit,Grb2,0.9008219615325377
Csf1r,Csf1,0.533353151313982
Csf1r,Il34,0.533353151313982
Elob,Socs3,0.7439036528117319
Elob,Eloc,0.7141350457352856
Eloc,Socs3,0.7439036528117319
Jak2,Socs3,0.8628796778130529
Jak2,Epor,0.8098040110923046
Jak2,Lyn,0.8478280734382804
Jak2,Csf2rb,0.6799424008759335
Jak2,Ptpn11,0.9420442875636434
Jak2,Irs1,0.9657178277964221
Jak2,Stat5a,0.7354105726139498
Jak2,Stat5b,0.6799424008759335
Jak2,Il6st,0.835569735285743
Jak2,Jak2,0.9739979201087567
Jak2,Ifngr2,0.6799424008759335
Jak2,Crlf2,0.6973707015226809
Jak2,Sh2b1,0.7354105726139498
Jak2,Slc40a1,0.6799424008759335
Socs2,Cish,0.5021997472861972
Cish,Prkcq,0.5021997472861972
Cish,Cul5,0.5152378154224913
Socs3,Il6st,0.7569028939965853
Socs3,Cul5,0.6055536428355415
Il6st,Il6st,0.7375686526512741
Ring1,Pcgf2,0.8858343216272812
Ring1,Cbx2,0.6445190952200799
Ring1,Rybp,0.7664653180073141
Ring1,Phc2,0.865223446017089
Ring1,Cbx8,0.8352316872256237
Pcgf2,Phc1,0.8240215457908086
Pcgf2,Phc2,0.8704743404988242
Pcgf2,Cbx8,0.8400513838681918
Phc2,Bmi1,0.8025983184895887
Cops5,Cdkn1b,0.6553529540477033
Cdkn1b,Ccnd1,0.9286502324143441
Cdkn1b,Cdk4,0.9146538440129839
Cdkn1b,Ccna2,0.8617592563798014
Cdkn1b,Cdk2,0.9257392264217736
Cdkn1b,Tsc2,0.6553529540477033
Cdkn1b,Ccne1,0.8277793353248947
Pik3cd,Pik3cd,0.5051763673698941
Pik3cd,Hras,0.5104142445712867
Hras,Raf1,0.552691667204417
Gp1ba,Gp1ba,0.5
Psmb9,Psma3,0.9752491219059902
Psmb9,Psmb9,0.959991407609404
Psmb9,Psma6,0.9751724981776151
Psma2,Psma3,0.9946471196912374
Psma2,Psma6,0.9945673684517427
Psma2,Psma4,0.9983069746168728
Psma2,Psma7,0.9947840038962421
Psma6,Psma3,0.9909337626248533
Psma6,Psmb6,0.9746144758573787
Psma6,Psma4,0.994566142715179
Psma4,Psma3,0.9946458937570178
Psma4,Psmb2,0.9895679510969938
Psma4,Psma7,0.9947827776227686
Rab33b,Rab33b,0.5005207463545144
Rab33b,Atg16l1,0.5010476813186135
Atg16l1,Atg16l1,0.5021078134025446
Atg16l1,Atg5,0.5008008604258999
Atg16l1,Rb1cc1,0.5039942379055861
Per1,Per1,0.9651268641912585
Per1,Csnk1e,0.8930047071417568
Per1,Timeless,0.8711958875386938
Timeless,Timeless,0.7962339901936548
Pias3,Gfi1,0.5
Cavin1,Cavin1,0.5
Dapk3,Dapk3,0.531756926902534
Dapk3,Atf4,0.5638912131096336
Atf4,Fos,0.6393384238944043
Atf4,Jun,0.7344281628057272
Dffa,Dffb,0.5
Mafg,Mafg,0.5003292540032849
Mafg,Bach1,0.5006624204722012
Bach1,Bach1,0.5013327123667853
Bach1,Mafk,0.5025253564576373
Rgs9,Gnb5,0.5
Suv39h1,Cbx3,0.556352647952598
Suv39h1,Cbx5,0.6279397441372466
Cbx3,Trim28,0.5999613681164829
Cbx5,Cbx5,0.7675112368288166
Cbx5,Trim28,0.7269464226630429
Cbx5,Trim24,0.7068348919162877
Tyrobp,Plxna1,0.5
Plxna1,Plxna1,0.5
Cd200,Cd200r1,0.5
Bcl2l11,Bcl2,0.7699946316588681
Bcl2l11,Mcl1,0.609888483808087
Bcl2l11,Bcl2l1,0.6663927997449272
Bcl2,Becn1,0.8947348735937701
Bcl2,Prnp,0.8822045848993406
Bcl2,Cebpa,0.9314502716497091
Bcl2,Bax,0.800328359655908
Bcl2,Bad,0.7455835992865364
Mcl1,Bmf,0.5663990145834122
Mcl1,Bbc3,0.5826370621445778
Mcl1,Pmaip1,0.5288032271713263
Bcl2l1,Bax,0.6850869267248507
Bcl2l1,Bad,0.6513487227714697
Bcl2l1,Bcl2l1,0.6738125554541592
Smarce1,Smarcc1,0.5028963710522069
Smarcc1,Smarcd1,0.5011004719874252
Smarcc1,Wwp2,0.5011004719874252
Fbxl3,Cul1,0.7651793209569796
Crym,Crym,0.5
Trappc3,Trappc1,0.5
Trappc3,Trappc2,0.5
Impa1,Impa1,0.5
Copb2,Copa,0.5
Copb2,Copb1,0.5
Copb2,Copg1,0.5
Copa,Cope,0.5000000000000001
Copa,Copb1,0.5000000000000001
Copb1,Arcn1,0.5000000000000001
Copb1,Copg1,0.5000000000000001
Copg1,Copz1,0.5000000000000001
Nck2,Efnb1,0.5025292839648692
Snca,Abl1,0.5016816542419578
Abl1,Abl1,0.5044260063692103
Abl1,Sh3bp1,0.5016816542419578
Abl1,Nck1,0.508904607695547
Tpmt,Tpmt,0.5
Sap18,Sap18,0.5
Rpl35a,Rpl13a,0.9373896141755895
Rpl35a,Rpl6,0.9506193253737576
Rpl35a,Rpl32,0.931005482679314
Rpl13a,Rpl3,0.8665076295464926
Rpl13a,Rpl6,0.9784053532424193
Rpl13a,Rpl9,0.958688085643457
Rpl13a,Rpl14,0.9375405610565688
Rpl6,Rpl28,0.9530155273923849
Rpl6,Rpl32,0.9714225567044209
Rpl6,Rpl14,0.9507748379407452
Rpl6,Rpl4,0.9957723831967268
Rpl32,Rpl27a,0.9682142670580752
Rpl32,Rpl28,0.9332973866201382
Rpl32,Rpl4,0.9741931898760574
Ldb2,Ssbp3,0.5
Ilk,Lims1,0.5
Ilk,Parva,0.5
Ilk,Parvb,0.5
Lims1,Parva,0.5
Psmb2,Psmb2,0.9809833796574365
Psmb2,Psma7,0.9861067642275949
Rngtt,Rngtt,0.5
Nnmt,Nnmt,0.5
Pip5k1c,Tln1,0.5
Tln1,Itgb1,0.5
Tln1,Tln1,0.5
Tln1,Apbb1ip,0.5
Chrna4,Lypd1,0.5
Chrna4,Chrnb2,0.5
Lnx1,Igsf5,0.5
Lnx1,Numb,0.5
Ptp4a2,Cnnm3,0.5
Cnnm3,Cnnm3,0.5
Ppargc1a,Nr5a1,0.6744577062121786
Nr5a1,Sox9,0.5542760412789809
Nr5a1,Nr0b2,0.5542760412789809
Per3,Per3,0.5
Ctss,Ctss,0.5
Ulk1,Ulk1,0.5467089289055052
Ulk1,Atg13,0.5177469617029858
Ulk1,Fundc1,0.5177469617029858
Ulk1,Rb1cc1,0.5188025954602307
Ulk1,Mtor,0.5929572653508928
Mtor,Akt1,0.7122005483637888
Mtor,Irs1,0.7909497778413271
Mtor,Rictor,0.5919522606556172
Mtor,Mapkap1,0.5919522526217225
Mtor,Rptor,0.5702894206178521
Psma3,Psmb6,0.9746910096021146
Psmb6,Psmb6,0.9589116534009432
Stx7,Vti1b,0.5
Vti1b,Vamp7,0.5
Mybpc3,Myh6,0.5
Egfr,Grb2,0.7137429717824861
Tek,Pik3r1,0.695458970047666
Nck1,Dok1,0.5231514279099257
Pknox1,Pbx1,0.5
Pbx1,Hoxa1,0.5
Pbx1,Hoxb6,0.5
Pbx1,Hoxa9,0.5
Pbx1,Hoxb8,0.5
Pigr,Pigr,0.5
Pigr,Jchain,0.5
Dtnb,Kif5a,0.5
Cask,Cask,0.5
Cask,Lin7b,0.5
Cask,Lin7c,0.5
Cask,Whrn,0.5
Lin7b,Lin7b,0.49999999999999994
Whrn,Whrn,0.49999999999999994
Whrn,Myo15a,0.49999999999999994
Myoc,Myoc,0.5
Ly86,Ly86,0.5
Ly86,Cd180,0.5
Cd180,Cd180,0.5
Grem2,Grem2,0.5
Bcl6b,Bcl6,0.5227506148853136
Bcl6,Irf8,0.6576023758087173
Bcl6,Ppard,0.5227506148853136
Ikbkb,Ikbkg,0.9907856026019283
Ikbkb,Tnfrsf1a,0.9878586437918475
Ikbkb,Akt1,0.843083266969134
Ikbkb,Chuk,0.9715515011694428
Ikbkb,Nfkbib,0.9709323379557406
Ikbkb,Map3k7,0.9681236340030664
Ikbkb,Nfkbia,0.9672489875043403
Ikbkg,Ikbkg,0.9980934014125649
Ikbkg,Tnfrsf1a,0.9951228601787178
Ikbkg,Chuk,0.9785729041631956
Ikbkg,Tnfaip3,0.99155026667603
Ikbkg,Nfkbib,0.977944521607743
Ikbkg,Rnf31,0.7411535789269013
Ikbkg,Nfkbia,0.974206326059206
Tnfrsf1a,Tnf,0.9440253625171959
Tnfrsf1a,Mapk1,0.9366303681841933
Tnfrsf1a,Tradd,0.6869978551307078
Tnfrsf1a,Chuk,0.9757187797335461
Tnfrsf1a,Ripk1,0.9356294962428867
Tnfrsf1a,Map3k7,0.9722606192114546
Akt1,Lmna,0.592480370376247
Akt1,Gsk3a,0.592480370376247
Akt1,Arrb2,0.592480370376247
Chuk,Nfkbib,0.9592136677298627
Nfkbib,Rel,0.9661267997131919
Map3k7,Smad1,0.7294513624702563
Map3k7,Smad5,0.7536807935928005
Map3k7,Tgfbr2,0.7127340190968732
Map3k7,Tab1,0.7464454932574662
Map3k7,Tab2,0.7234052576277441
Nfkbia,Rel,0.9624810353012886
Nfkbia,Relb,0.9050023243324299
Klc1,Klc1,0.5
Klc1,Clstn1,0.5
Klc1,Mapk8ip3,0.5
Clstn1,Klc2,0.5
Mapk8ip3,Klc2,0.5
Mapk8ip3,Mapk10,0.5
Mapk8ip3,Mapk8ip3,0.5
Klc2,Klc2,0.5
Kcnk4,Kcnk4,0.5
Dync1i1,Kif5b,0.5
Nsd1,Nsd1,0.5
Dnmt3a,Dnmt3a,0.5
Dnmt3a,Dnmt3l,0.5
Dnmt3l,Dnmt3b,0.5
Gmnn,Gmnn,0.5183055450952678
Gmnn,Scmh1,0.5368286020364804
Gmnn,Cdt1,0.5069551681637322
Tnfaip3,Tax1bp1,0.6843063719943899
Tnfaip3,Tnfaip3,0.9850930849195165
Tnfaip3,Ripk1,0.9324861812537654
Tnfaip3,Rnf11,0.8239147957619101
Tnfaip3,Tnip1,0.7411088729445471
Rnf31,Sharpin,0.5680665130541223
Rnf31,Rbck1,0.5882532669571245
Cldn1,Tjp1,0.5010668507047229
Tjp1,Gja1,0.5073901553255351
Tjp1,Ocln,0.5010668507047229
Parp2,Parp2,0.5
Mesd,Mesd,0.5114970172989812
Becn1,Becn1,0.8404776814784183
Becn1,Pik3c3,0.7643067472458804
Becn1,Atg14,0.7457481464209105
Becn1,Uvrag,0.7007990301909794
Becn1,Pik3r4,0.7457481464209105
Pik3c3,Atg14,0.6907698999246514
Pik3c3,Uvrag,0.6558767032524839
Pik3c3,Nrbf2,0.577956463655847
Pik3c3,Pik3r4,0.6907698999246514
Atg14,Pik3r4,0.6773747730161905
Foxh1,Nkx2-5,0.5
Nkx2-5,Tbx5,0.5
Nkx2-5,Gata4,0.5
Parg,Parg,0.5
Pak1,Mbp,0.5215081454383065
Pak1,Rac1,0.5031347752970119
Mbp,Mapk1,0.6473732272701078
Mbp,Mapk3,0.5213034257869122
Lamtor3,Lamtor2,0.5
Hcn2,Hcn2,0.5
Hcn2,Pex5l,0.5
Hcn1,Hcn1,0.5
Ctbp1,Zeb1,0.5
Zeb1,Ctbp2,0.5
Klrg1,Klrg1,0.5
Birc6,Birc6,0.5
Gdap1,Gdap1,0.5
Il13ra2,Il13,0.5
Stam2,Usp8,0.5
Stam2,Hgs,0.5000000000000001
Idh1,Idh1,0.5
Sh2d1a,Fyn,0.5849109566347988
Sh2d1a,Slamf1,0.5565068980446821
Fyn,Ptpra,0.674072297212847
Fyn,Khdrbs1,0.7274317370265353
Fyn,Slamf1,0.6021878330704632
Slamf1,Inpp5d,0.573312177876275
Hdac3,Prox1,0.5270278045488953
Tp63,Tp63,0.5
Hipk1,Hipk1,0.5
Nfatc1,Irf8,0.6576023758087173
Irf8,Ifnb1,0.8423204804340289
Irf8,Ifna4,0.6576023758087173
Irf8,Irf1,0.9031293161639932
Irf8,Spi1,0.9373517596550259
Irf8,Il12b,0.9437982484464821
Irf8,Zbtb17,0.6576023758087173
Irf8,Tlr4,0.8721030153682658
Irf8,Aicda,0.6576023758087173
C1ql1,C1ql1,0.5
Olfm1,Olfm1,0.5
Lgmn,Lgmn,0.5
Invs,Nek8,0.5
Coro1a,Coro1a,0.5
Sp1,E2f1,0.5011420384270855
E2f1,Ndn,0.5079109863512573
E2f1,Nsmce3,0.5011420384270855
Grap2,Grap2,0.5
Grap2,Map4k1,0.5
Grap2,Lcp2,0.5
Grap2,Ptpn23,0.5
Map4k1,Blnk,0.5
Lcp2,Vav1,0.5
Lcp2,Itk,0.5
Casp8,Fadd,0.6171004497758039
Fadd,Ripk1,0.7709544431927886
Fadd,Ripk3,0.687404764586802
Mt-Cyb,Mt-Cyb,0.9984756099211107
Mt-Cyb,mt-Co3,0.9992204091658935
Mt-Cyb,Cox7a2l,0.999201063629681
Mt-Cyb,Uqcr11,0.9954621117333509
Mt-Cyb,Uqcrq,0.9992040126197931
Mt-Cyb,Uqcrfs1,0.999220730248981
Mt-Cyb,Uqcrc1,0.9991615560519541
Mt-Cyb,Cyc1,0.998421112488877
Mt-Cyb,Uqcrb,0.9991565677506842
mt-Co3,Mtco1,0.9999727680729672
mt-Co3,Mtco2,0.9988407643228684
mt-Co3,Cox7c,0.9980623403720666
mt-Co3,Cox5b,0.9996089589740589
mt-Co3,Cox6a2,0.9980845148238701
mt-Co3,Cox7a2,0.9981572088317129
mt-Co3,Cox8b,0.9815070818920991
mt-Co3,Cox6b1,0.9812182060928649
mt-Co3,Cox7a2l,0.9999469468139053
mt-Co3,Uqcrq,0.9999499002102623
mt-Co3,Ndufc1,0.9912176175113532
mt-Co3,Uqcrfs1,0.99996664281816
mt-Co3,Uqcrb,0.9999023844512201
Cox7a2l,Mtco1,0.9999533933817238
Cox7a2l,Cox7c,0.998043039712749
Cox7a2l,Cox5b,0.9995895983809613
Cox7a2l,Uqcrh,0.9817926088058156
Cox7a2l,Uqcr11,0.9961831797640813
Cox7a2l,Uqcrq,0.9999305264051828
Cox7a2l,Uqcrfs1,0.9999472683642794
Cox7a2l,Uqcrc1,0.9998880080484136
Cox7a2l,Cyc1,0.999146486884912
Cox7a2l,Uqcrb,0.999883012487447
Cox7a2l,Uqcrc2,0.9807072138282928
Uqcr11,Cox6a2,0.9943347687820778
Uqcr11,Uqcr10,0.9924411498866167
Uqcr11,Uqcrfs1,0.9962027274902591
Uqcr11,Uqcrc1,0.9961439110265534
Uqcr11,Uqcrb,0.9961389528816975
Uqcrq,Mtco1,0.9999563468161635
Uqcrq,Cox7c,0.9980459818619282
Uqcrq,Cox5b,0.9995925496663112
Uqcrq,Uqcrh,0.9817954549568818
Uqcrq,Uqcrfs1,0.999950221762536
Uqcrq,Uqcrc1,0.9998909610965947
Uqcrq,Cyc1,0.9991494355526165
Uqcrq,Uqcrb,0.9998859655061173
Uqcrq,Ndufa11,0.9992193646697846
Uqcrfs1,Cox5b,0.9996092803070495
Uqcrfs1,Cox6a2,0.9980848351763857
Uqcrfs1,Uqcrh,0.9818115895983445
Uqcrfs1,Uqcr10,0.9961768511238853
Uqcrfs1,Uqcrc1,0.9999077017307054
Uqcrfs1,Cyc1,0.9991661513540964
Uqcrfs1,Uqcrb,0.999902705972933
Uqcrfs1,Uqcrc2,0.9807261518603965
Uqcrc1,Cox5b,0.9995500600539671
Uqcrc1,Uqcr10,0.9961180377273864
Uqcrc1,Cyc1,0.9991069836264768
Uqcrc1,Uqcrb,0.999843450939187
Uqcrc1,Uqcrc2,0.9806691698836825
Cyc1,Uqcrh,0.9810398566138695
Cyc1,Uqcr10,0.9953821088420229
Cyc1,Cyc1,0.9983666210147484
Cyc1,Uqcrb,0.9991019958705688
Uqcrb,Cox7c,0.997998647053268
Uqcrb,Cox8b,0.9814455056965412
Uqcrb,Ndufa11,0.9991719183416008
Uqcrb,Uqcrc2,0.9806643663834899
Ldhc,Ldhc,0.5
Mtco1,Mtco2,0.9988471966270127
Mtco1,Ndufb1,0.9962794733053563
Mtco1,Cox5a,0.9800309914536374
Mtco1,Cox7c,0.9980687626388203
Mtco1,Cox5b,0.9996154011836921
Mtco1,Cox4i1,0.9945641791475435
Mtco1,Cox6a2,0.9980909373765523
Mtco1,Cox7a2,0.9981636323217482
Mtco1,Cox8b,0.981513290687009
Mtco1,Cox6b1,0.9812244111628646
Mtco1,Cox7b,0.9569954854157727
Mtco1,Cox6c,0.977214732021942
Mtco2,Ndufb1,0.9951558316577441
Mtco2,Cox5a,0.9789441384944579
Mtco2,Cox5b,0.9984842065589788
Mtco2,Cox4i1,0.9934444211502882
Mtco2,Cox6b1,0.9801348561453481
Mtco2,Cox7b,0.955960787855618
Mtco2,Cox6c,0.9761342554425207
Cox5a,Cox5b,0.9796816931446074
Cox5a,Cox4i1,0.9748320052986994
Cox5a,Cox6c,0.9581747682467303
Cox7c,Cox7a2,0.9962601174434542
Cox7c,Cox8b,0.9796733978215919
Cox7c,Uqcrh,0.9799764371900628
Cox5b,Cox4i1,0.9942043056507098
Cox5b,Cox7a2,0.9978011396546328
Cox4i1,Cox8b,0.9762982504577946
Cox4i1,Cox7b,0.9520459858129431
Cox4i1,Cox6c,0.9720462474263925
Cox6a2,Cox6b1,0.9794069650618992
Cox6a2,Uqcr10,0.9943089898274698
Cox6a2,Ndufb7,0.9895981814249618
Cox7a2,Uqcr10,0.9943811328082569
Cox7a2,Ndufb3,0.979401660610887
Cox6b1,Ndufc1,0.9727975678571905
Cox7b,Cox6c,0.9361880885776028
Rnase1,Rnh1,0.5
Rnh1,Rnh1,0.5
Klk1b3,Klk1b3,0.5
Klk1b3,Klk1b4,0.5
Klk1b3,Ngf,0.5
Klk1b4,Ngf,0.5
Ngf,Ngf,0.5
Ngf,Sorcs2,0.5
Fos,Jun,0.7541188485291256
Fos,Junb,0.557388144559422
Fos,Mafb,0.5750748673129389
Fos,Prdm1,0.608816506882891
Jun,Tnf,0.9138453480456199
Jun,Il1b,0.7941871099144883
Jun,Spi1,0.9440072776155262
Jun,Nos2,0.8502060775389706
Jun,Stat3,0.851367241267083
Jun,Stat4,0.7125030282498291
Jun,Mapk8,0.7887999006091645
Mafb,Mafb,0.5373156626398405
Prdm1,Irf4,0.6273021585186509
Sorcs2,Sorcs2,0.5
Ins1,H2-Aa,0.5937190144476018
Ins1,H2-Ab1,0.5877658701520403
H2-Aa,H2-Aa,0.5743418862198779
H2-Aa,H2-Ab1,0.5696196003691385
H2-Aa,TRAV14-3,0.5369513333921391
H2-Aa,TRAV6D-7,0.5369513333921391
H2-Ab1,H2-Ab1,0.5651972797841464
Ifnb1,Ifnar1,0.6073329885253752
Ifnb1,Crebbp,0.8742289552959455
Ifnb1,Irf3,0.7797328094195098
Crebbp,Myb,0.8108333092383305
Crebbp,Ets2,0.6883511828757699
Crebbp,Spi1,0.9781183173879244
Crebbp,Rxrg,0.6883511828757699
Crebbp,Crebbp,0.9957541481287331
Crebbp,Trp53,0.9678857251586155
Irf3,Tank,0.8434371929952089
Irf3,Irf3,0.7769991245384893
Irf3,Zbp1,0.7032179798411242
Ifng,Tbx21,0.5164774861977751
Tbx21,Gata3,0.5872506980609578
Tbx21,Tbx21,0.5433676594790662
Il2ra,Il2,0.5
Cd8a,Cd8a,0.9484061028440827
Cd8a,B2m,0.9716057578297993
Cd8a,Lck,0.6703706402555049
Cd8a,Cd8b,0.878898036252804
Cd8a,H2-T3,0.8053588248321588
B2m,B2m,0.9960057176018304
B2m,H2-L,0.9351125867531311
B2m,H2-Q10,0.8006336952695129
B2m,H2-T23,0.8425832420936563
B2m,Cd8b,0.8985014797832932
B2m,Cd1d1,0.746363745362896
B2m,Cd1d2,0.746363745362896
B2m,H2-Q7,0.8231151856038804
B2m,H2-T3,0.8211574933561091
B2m,H2-M3,0.8900969035625272
B2m,Klra3,0.9097975367146098
B2m,Mr1,0.6883157495276288
B2m,Mill2,0.746363745362896
Lck,Cd4,0.5245947644606859
Lck,Ptprc,0.5245947644606859
Lck,Hcls1,0.5245947644606859
Igkc,Igkc,0.9081051800355322
Igkc,H2-L,0.8946793086735063
H2-L,H2-L,0.8816951225207053
H2-L,H2-T23,0.8005253273417001
H2-L,TRAV9-4,0.6897193175477403
H2-L,Ogdh,0.64502373048845
H2-L,Klrc1,0.7265089560918524
Trac,Trac,0.5
Igkv8-30,VH7183-DSP2-JH3-CH1,0.5479408174477846
Igkv8-30,V165-D-J-C,0.5479408174477846
Trim21,Trim21,0.5839814491472582
Ighm,Ighm,0.5511584947227733
Ighm,Cd79a,0.5720484700730613
Ighm,Cd79b,0.5511584947227733
Cd79a,Cd79b,0.5720484700730613
Cd79a,Tcf3,0.7015940722244141
Cd79b,Cd79b,0.5511584947227733
H2-Q10,Klra3,0.7483821121468507
H2-Q10,Rpn2,0.5692330754098833
H2-T23,Klrc1,0.6783404454471073
Cd1d1,Cd1d1,0.6223677326194794
Cd1d2,Cd1d2,0.6223677326194794
H2-Q7,Rpl19,0.8110606625806126
H2-M3,H2-M3,0.806802096767826
Klra3,Klra3,0.8385727525668794
Mill2,Mill2,0.6223677326194794
TRAV9-4,TRAV9-4,0.5942988718668467
Klra1,Klra1,0.6029502269254354
Insr,Insr,0.6078531234627683
Insr,Cav1,0.5428867388904919
TRADV16D,Kctd20,0.6370165392118646
TRADV16D,Rbm5,0.6370165392118646
H2-Ea,H2-Ea,0.5
H2-Ea,H2-Eb1,0.5
H2-Eb1,H2-Eb1,0.5
Hba,Hba,0.5
Hba,Hbb-b1,0.5
Hbb-b1,Hbb-b1,0.5
Lamc1,Lamb1,0.5
Lamc1,Nid1,0.5
Lamc1,Lama1,0.5
Lamc1,Ntn4,0.5
Lamb1,Lama1,0.5
Nid1,Hspg2,0.5
Lama1,Lama1,0.5
Lama1,Dag1,0.5
Ndufa6,Ndufs1,0.9998005543017351
Ndufa6,Ndufa5,0.99614728458318
Ndufa6,Ndufab1,0.997994509988507
Ndufa6,Ndufs4,0.9998013255957889
Ndufa6,Ndufa9,0.9996917403431296
Ndufa6,Ndufs7,0.999689151686795
Ndufa6,Ndufs3,0.9996870624038189
Ndufa9,Ndufs6,0.9958232521668184
Ndufa9,Ndufs1,0.9998013402660783
Ndufa9,Ndufs4,0.9998021115613451
Ndufa9,Ndufs7,0.9996899374759514
Ndufa9,Ndufs3,0.9996878481896899
Ndufs7,Ndufs4,0.9997995223332317
Ndufs7,Ndufs3,0.9996852595535185
Ndufs3,Ndufs1,0.9997966613007316
Ndufs3,Ndufa5,0.9961434200378926
Ndufs3,Ndufs4,0.9997974325887776
Ndufb2,Ndufb3,0.9723908703872703
Ndufb2,Ndufab1,0.9890708933173552
Ndufb2,Ndufb7,0.9825086873326074
Ndufb3,Ndufab1,0.9793771189277095
Cfd,Cfd,0.5
Ada,Ada,0.5
Fabp4,Fabp4,0.5
Gzmb,Bid,0.5111569809693465
Gzmb,Casp3,0.5016106336721502
Gzmb,Casp7,0.5016106336721502
Casp3,Parp1,0.5002325127947238
TRAV14-3,TRAV14-3,0.5183665105754598
TRAV6D-7,TRAV6D-7,0.5183665105754598
Mapk1,Rps6ka3,0.6471687795409662
Mapk1,Map2k1,0.7750481528626559
Mapk1,Elk1,0.6471687795409662
Mapk1,Ksr1,0.7672956916338824
Mapk1,Ptprr,0.6471687795409662
Mapk1,Sqstm1,0.9085729642210546
Mapk1,Pxn,0.9155317405352975
Il5,Il5,0.5
Wnt1,Ryk,0.5
Saa3,Saa3,0.5
Slc4a1,Zap70,0.5
Prnp,Prnp,0.8192048200403341
Prnp,App,0.6791931607355889
Prnp,Grb2,0.8977089861295349
App,App,0.6005943107323792
App,Cntn5,0.5382199185326637
App,Dab1,0.5566068526261435
App,Apba2,0.5382199185326637
App,Apbb2,0.5382199185326637
App,Tnfrsf21,0.5382199185326637
App,Mapk8ip1,0.5450531995429309
Grb2,Ptpra,0.8127012490852595
Grb2,Cbl,0.8927970260953836
Grb2,Pik3r1,0.9698141824105161
Grb2,Cd28,0.8196312220211692
Grb2,Ptk2,0.9736589401888979
Grb2,Ptpn11,0.9519685838169669
Grb2,Cd22,0.7816997945337466
Grb2,Shc1,0.8683603846186615
Grb2,Sos2,0.6871376958492837
Grb2,Khdrbs1,0.9085554645313151
Grb2,Plcg1,0.7398417174970765
Grb2,Sos1,0.8392779729202443
Grb2,Themis,0.6871376958492837
Grb2,Frs2,0.6871376958492837
Grb2,Gab1,0.8772020360818248
Grb2,Gab2,0.7816997904493163
Prkar2a,Prkar2a,0.5
Prkar2b,Prkar2b,0.49999999999999994
Got2,Got2,0.5
Saxo4,Saxo4,0.9991609493795408
Saxo4,Ribc1,0.9957405537729292
Saxo4,Efhc1,0.9995192745491377
Saxo4,Cfap276,0.9420186111099115
Saxo4,Cimip2c,0.9959306742512684
Spag8,Ribc1,0.9845555271528093
Spag8,Ribc2,0.9857989192198465
Cfap107,Efhb,0.9427275415961557
Spmip8,Ribc2,0.8325665018865784
Cfap20,Pacrg,0.6381382085993895
Efhb,Cfap95,0.9848583348889406
Efhb,Cfap68,0.9155916050694118
Efhb,Cfap141,0.9713362384872106
Cfap95,Ribc2,0.9846868747863718
Cfap95,Cfap141,0.9614707793282862
Spmip5,Efhc1,0.9614529234366695
Ribc1,Ribc1,0.9923435957090987
Ribc1,Efhc1,0.9960964235945319
Ribc2,Ribc2,0.9948735908202584
Ribc2,Efhc1,0.9973694301397413
Efhc1,Cimip2c,0.9962866805518016
Saa2,Saa2,0.5
Src,Src,0.9619922594096599
Src,Eno1,0.6755320531776833
Src,Cbl,0.8792755589380096
Src,Ptk2,0.9573539190760202
Src,Khdrbs1,0.8944915360170387
Src,Bcar1,0.9403406918807926
Src,Pxn,0.953800739040752
Cbl,Hck,0.6547646562830785
Cbl,Cbl,0.8113687441247459
Cbl,Cd2ap,0.6183039948698899
Ptk2,Ptk2,0.9527621470573524
Ptk2,Dcc,0.6720249248131385
Ptk2,Bcar1,0.9359197303817769
Ptk2,Efs,0.6720249248131385
Ptk2,Mef2c,0.7250421785223624
Ptk2,Pxn,0.9492446404731747
Khdrbs1,Khdrbs1,0.8368532022331727
Bcar1,Bcar1,0.9197038391375285
Bcar1,Crk,0.7956677153431594
Bcar1,Pxn,0.9325330724384028
Pxn,Git1,0.7371725322431354
Pxn,Pxn,0.9457544613779449
Kitlg,Kitlg,0.5801006492460992
Pik3r1,Epor,0.800326916818001
Pik3r1,Cd28,0.8030497645419942
Pik3r1,Irs1,0.951471234462498
Pik3r1,Btk,0.721375336177845
Pik3r1,Pik3ca,0.6692207012084518
Pik3r1,Irs2,0.6692207012084518
Pik3r1,Tlr2,0.8031553357073059
Pik3r1,Gab1,0.8576339867442204
Itgam,Itgb2,0.5
Pdgfrb,Ptpn11,0.7095054004565324
Pdgfrb,Plcg1,0.6111761677018607
Ptpn11,Ptpn11,0.9122447459744438
Ptpn11,Irs1,0.9343223813022671
Ptpn11,Lilrb3,0.6566314982583684
Tnf,Tnf,0.9005902607765426
Spi1,Gata3,0.784503833256978
Spi1,Id2,0.8574552430910414
Spi1,Cebpa,0.9330836403337
Spi1,Cdkn2b,0.6751954068991098
Spi1,Irf4,0.8087394920924126
Nos2,Nos2,0.786861052967502
Stat3,Stat3,0.7887664731291519
Stat4,Stat4,0.6056220220704656
Mapk8,Irs1,0.798774686975401
Myl1,Myl11,0.5
Myl1,Myh4,0.5
Myl11,Myl11,0.5
Myl11,Myh4,0.5
Myh4,Tpm1,0.5
Myh4,Acta1,0.5
Nr3c1,Ncoa2,0.5278283877506855
Ncoa2,Ar,0.5169587299029275
Ncoa2,Esr1,0.5169587299029275
Ncoa2,Ncoa2,0.5446343499771467
C9,C9,0.5
C5,C5,0.5
Gpi,Gpi,0.5
Enpp1,Enpp1,0.5
Plau,Plau,0.5
Plau,Plaur,0.5
Plaur,Plaur,0.5
Csf1,Csf1,0.5165780786051133
Ttr,Ttr,0.5
Anxa2,Anxa2,0.5
Anxa2,S100a10,0.5
Tyms,Tyms,0.5
Il4,Gata3,0.6260049529362928
Il4,Stat6,0.5449573249926912
Il4,Nfatc2,0.5343659298079234
Il4,Irf4,0.636738773342082
Gata3,Gata3,0.6755382790671263
Stat6,Stat6,0.5223458833897019
Irf4,Il10,0.6027487659480445
Irf4,Irf4,0.7067187939790032
Hsp90aa1,Chordc1,0.5018865533829215
Hsp90aa1,Itgb1bp2,0.5002723449511279
Cbr2,Cbr2,0.5
Hck,Hck,0.5769251868929506
Hsp90b1,Cnpy3,0.5
Egr2,Nab2,0.5157082207869976
Nab2,Chd4,0.6088121842605471
Sod1,Sod1,0.5
Il6,Rel,0.9011892392594109
Il6,Atf3,0.6290801428120487
Rel,Il12b,0.9742844534381707
Rel,Il23a,0.8175705180148296
Polr2a,Srsf2,0.5130090197741944
Polr2a,Cdk9,0.5261726733822149
Srsf2,Cdk9,0.5261726733822149
Cdk9,Hexim1,0.520006710576184
Cdk9,Brdt,0.6263175964170582
Cdk9,Ccnt1,0.520006710576184
Gzmc,Gzmc,0.5
Hoxa5,Meis1,0.5
Meis1,Hoxa9,0.5
Meis1,Hoxb8,0.5
Meis1,Hoxd12,0.5
Meis1,Hoxa11,0.5
Meis1,Hoxd13,0.5
Meis1,Meis1,0.5
Meis1,Hoxa13,0.5
Pgk2,Pgk2,0.5
Itgb1,Fermt2,0.5
Fermt2,Fermt2,0.5
Ncl,Fmr1,0.5
Fmr1,Fxr1,0.5000000000000001
Fmr1,Fxr2,0.5
Fth1,Fth1,0.5
Myl3,Myl2,0.5
Myl2,Myl2,0.5
Il34,Il34,0.5165780786051133
Ctla4,Ctla4,0.5
Cdh1,Cdh1,0.6129890171340582
Apoa2,Apoa2,0.5
Dntt,Dntt,0.5
H2az1,H2az1,0.5
Lrrc4b,Lrrc4b,0.5
Jmjd7,Jmjd7,0.5
Alkbh1,Alkbh1,0.5
Eps15,Ap2a2,0.6077525167893756
Eps15,Eps15,0.5535578565496475
Brcc3,Brcc3,0.6515559041098719
Brcc3,Abraxas1,0.695817399735419
Brcc3,Babam2,0.675593797288753
Psmc4,Psmc4,0.5000000000000001
Psmc4,Psmd10,0.5
Ufd1,Vcp,0.5
Vcp,Nploc4,0.5
Vcp,Vcp,0.49999999999999994
Vcp,Nsfl1c,0.5
Vcp,Ngly1,0.49999999999999994
Cblb,Irs1,0.7274364178533111
Cblb,Cblb,0.6130448346133189
Babam1,Uimc1,0.6906559709414188
Babam1,Abraxas1,0.7062331036840923
Babam1,Babam2,0.6849337895992125
Uimc1,Uimc1,0.716228913182692
Uimc1,Abraxas1,0.7338954277262397
Uimc1,Babam2,0.7097392079479174
Sqstm1,Sqstm1,0.9309496607790877
Sqstm1,Cyld,0.7965753948177837
Sqstm1,Map1lc3a,0.6637371429892907
Sqstm1,Keap1,0.72628353476739
Poli,Rev1,0.5
Cfap36,Cfap36,0.5000000000000001
Cfap36,Arl3,0.5
Babam2,Abraxas1,0.7268754951956518
Sharpin,Rbck1,0.5514502701111165
Tab2,Rps27a,0.6083259995775816
Rbck1,Ube2l3,0.5474534680176055
Rbck1,Rbck1,0.5667090793900679
Tnip1,Tnip1,0.6198398625332597
Mnda,Mnda,0.5
Ifi204,Ifi204,0.5
Calm1,Calm1,0.5000000000000001
Calm1,Myo5a,0.5000000000000001
Calm1,Trpc4,0.5000000000000001
Myo5a,Mlph,0.5000000000000001
Myo5a,Myo5a,0.5000000000000001
Myo5a,Rilpl2,0.5000000000000001
Trpc4,Trpc4,0.5
Myod1,Myod1,0.7963982257997975
Myod1,Tcf3,0.8445479522735851
Myod1,Id2,0.786587515440765
Myod1,Trim27,0.7415031841861185
Myod1,Smad3,0.6437181615062038
Tcf3,Tcf3,0.9005195749589463
Tcf3,Id1,0.6990426456824628
Tcf3,Twist1,0.6521491373997742
Tcf3,Id2,0.8331434974883628
Tcf3,Ascl1,0.7261668804756637
Tcf3,Neurod1,0.6990426456824628
Tcf3,Hand2,0.6521491373997742
Tcf3,Trim27,0.7807352417658582
Tcf3,Ascl3,0.6521491373997742
Trim27,Ascl1,0.6585266185211385
Smad3,Vdr,0.5264772381212701
Smad3,Smad4,0.5661691699223563
Ccl2,Ccr2,0.5269056270485944
Cdh3,Cdh3,0.5
Cebpa,Cdk4,0.9135774718926126
Cebpa,Cebpa,0.9067608527524795
Bax,Bax,0.6970926113763118
Hspg2,Fbln2,0.5
Alad,Alad,0.5
Mapt,Mapt,0.5
Gsta2,Gsta2,0.5
Cd14,Cd14,0.5
Slc3a2,Slc3a2,0.5
Ccl3,Ccl3,0.5
Cxcl2,Cxcl2,0.6213150811250103
Rara,Ncor1,0.5673599404852478
Rara,Nrip1,0.515044391216311
Nrip1,Nr2c1,0.509871440372021
Cdk1,H1-2,0.6905804583136013
Cdk1,Ccnb1,0.5929637958550502
Cdk1,H1-1,0.7439873992725888
Cdk1,Ccna2,0.7798440096980164
Cdk1,Ccne1,0.7535583592563759
H1-2,Cdk2,0.7565245170146616
H1-1,Ccna2,0.7790576257805167
H1-1,Cdk2,0.8284111619307479
Ccna2,Cdk2,0.8766747654111747
Ccne1,Cdk2,0.8412938357837388
Dmd,Snta1,0.5
Dmd,Sntb2,0.5
Dmd,Sntb1,0.5
Dmd,Dtna,0.5
Snta1,Snta1,0.5
Snta1,Dtna,0.5
Sntb1,Dtna,0.5
Agt,Agt,0.5
Itpr1,Itpr1,0.5
Dab1,Ldlr,0.5121026525114979
Dab1,Crkl,0.5121026525114979
Dab1,Cdk5,0.5121026525114979
Dab1,Dab1,0.5318540456305002
Dab1,Vldlr,0.5121026525114979
Dab1,Aplp1,0.5121026525114979
Dab1,Lrp8,0.5197530882231034
Mapk8ip1,Lrp8,0.5157214150587413
Pdcd6,Pdcd6ip,0.5
Cntn1,Cntn1,0.5
Rpl7a,Rpl36,0.9415906582503847
Rpl7a,Rpl27,0.8845220191869198
Rpl7a,Rpl23a,0.9675505878681737
Rpl7a,Rpl8,0.9721101142389261
Rpl7a,Rps3a,0.9619746706645739
Rpl7a,Rpl15,0.9824452585252674
Rpl36,Rpl27a,0.9497885463904938
Rpl36,Rpl13,0.9460989613371135
Rpl36,Rpl15,0.9546100201932534
Rpl27,Rpl30,0.8470723568784891
Rpl27,Rpl34,0.8924212940011559
Rpl23a,Pa2g4,0.9281117344775187
Rpl23a,Rpl39,0.9320901188324068
Rpl23a,Rpl8,0.9710239563708777
Rpl23a,Rpl35,0.9587004665829589
Rpl23a,Rpl39l,0.9320901188324068
Rpl8,Rpl37a,0.9355122931053752
Rpl8,Rps3a,0.9654066164513381
Rpl8,Rpl15,0.9860292774714974
Rpl8,Rpl34,0.9818087201675008
Rps3a,Rpl37a,0.9261625457909756
Rps3a,Rps14,0.8761641049395245
Rps3a,Rps26,0.8902309320633878
Rps3a,Rps17,0.9391126184229753
Rpl15,Rpl27a,0.9914015898905782
Rpl15,Rpl13,0.9873706558532016
Rpl15,Rpl36a,0.9021585737122768
Rpl15,Rpl35,0.9733132005999565
Rpl15,Rpl37,0.9851715212128386
Rpl15,Rpl4,0.997676606235232
Msx1,Dlx2,0.5
Rb1,Ccnd1,0.8736908938602099
Rb1,Cdk4,0.8614890507326337
Rb1,Cdk2,0.8711531221546658
Rb1,Cebpd,0.6180701410682805
Rb1,Runx2,0.6180701410682805
Ccnd1,Cdk4,0.9347023288402422
Ccnd1,Cdkn1a,0.797385680699731
Ccnd1,Cdk2,0.9463236887257535
Ccnd1,Cdk6,0.7215410216572908
Cdk4,Ccnd2,0.6597682018321608
Cdk4,Ccnd3,0.7107675385779104
Cdk4,Cdkn2c,0.6597682018321608
Cdk4,Cdkn2d,0.6597682018321608
Cdk4,Cdkn2a,0.8865028618398559
Cdk2,Cdkn1a,0.7953661052203348
Cdk2,Ccna1,0.6684255177817726
Il1r1,Myd88,0.8082913009674674
Il1r1,Irak1,0.774586704420522
Myd88,Irf1,0.9386530060547092
Myd88,Myd88,0.99114621826105
Myd88,Irf5,0.6865849944306738
Myd88,Irf7,0.886873474734282
Myd88,Traf3,0.9751533443680842
Myd88,Irak1,0.93745062230976
Myd88,Irak2,0.6865849944306738
Myd88,Irak4,0.8082913009674674
Myd88,Tirap,0.7974811652557554
Myd88,Tlr4,0.9048926726701065
Myd88,Tlr2,0.8183282482932761
Irak1,Irak1,0.8896254106093607
Irak1,Irak3,0.6480372984330668
Irak1,Irak4,0.774586704420522
Scd1,Scd1,0.5
Gsta1,Gsta1,0.5
Dnmt1,Dnmt1,0.5617451667737346
Rpl27a,Rpl13,0.9822017314013581
Rpl27a,Rpl36a,0.8978933860974402
Rpl27a,Rpl4,0.99239837959564
Rpl13,Rpl35,0.9644519869690256
Rpl13,Rpl4,0.988359268959667
Rpl36a,Rpl11,0.8634570368006109
Rpl4,Rpl28,0.9556779792195398
Rpl4,Rpl26,0.9368496959452813
Rpl4,Rpl37,0.9861556734571199
Rps16,Rps20,0.815721126306184
Rps16,Rps15,0.840250453347097
Rps16,Rps25,0.7791354861597561
Rps16,Rack1,0.825724505890244
Rps16,Rps5,0.8122854046036964
Rps16,Rps19,0.7197072344422629
Rps20,Rps29,0.808854385369971
Rps20,Rps3,0.8681997204547375
Rps15,Rps18,0.7948685088296389
Rps15,Rps29,0.8328502145860783
Rps15,Rpl11,0.8639776252886182
Rps25,Rps18,0.741904937247502
Rps25,Rps5,0.7458895201441956
Rack1,Rps3,0.8798658436868001
Rack1,Rps17,0.855966628526107
Rps5,Rps14,0.7923559736302102
Rps5,Rps28,0.7491994380817334
Rps19,Rps18,0.690403110302356
Rpsa,Rps2,0.9608898374181669
Rpsa,Rps17,0.9349347140259668
Rpsa,Rps27,0.9499647118851297
Rpsa,Rps27l,0.9499647118851297
Rpsa,Rps21,0.9495573297532974
Rps2,Rps15a,0.9858693651505123
Rps2,Rps3,0.9787826908738759
Rps2,Rps9,0.9551543044400475
Rps2,Rps21,0.9637442016656105
Rps2,Serbp1,0.9661803123791485
Rps17,Rps26,0.8762618577420994
Rps17,Rps3,0.9518199270835211
Rps27,Rps7,0.9536501716498307
Rps27,Rps15a,0.9743521144411842
Rps27,Rps13,0.9691501354273445
Rps27,Rps21,0.9527514150882443
Rps27l,Rps7,0.9536501716498307
Rps27l,Rps15a,0.9743521144411842
Rps27l,Rps13,0.9691501354273445
Rps27l,Rps21,0.9527514150882443
Rps21,Rps15a,0.973922652817826
Calr,Calr,0.5
Rpl19,Pa2g4,0.9249854361436848
Rpl19,Rps7,0.9569046202944532
Rpl19,Rps11,0.9509013639421684
Rpl19,Rps13,0.9725157795244541
Rpl19,Rpl22,0.6746568138946198
Rpl19,Rpl34,0.9736710849360574
Il1rl1,Il1rl1,0.5000024192047635
Il1rl1,Il1rap,0.5000037410236446
Il1rl1,Il33,0.5000020453079594
Il1rap,Ptprd,0.5000127182367038
Il1rap,Il33,0.5000031628349748
Rplp0,Rpl12,0.7043073929555834
Rplp0,Eef2,0.8520956690460275
Rpl12,Eef2,0.7732536145030235
Eef2,Rpl9,0.9619142662545804
Eef2,Rps23,0.9375061334028207
Eef2,Rpl23,0.8293517171908082
Eef2,Rps24,0.9121165318479332
Eef2,Fau,0.9584821521565272
Eef2,Serbp1,0.9639593335224872
Cdh2,Cdh2,0.6129890001155551
Cdh2,Ctnnd1,0.5429300255055532
Cav1,Csk,0.5084763828100906
Cav1,Pla2g4a,0.5064794521665262
Ntrk2,Sort1,0.5
Sort1,Sort1,0.5
Sort1,Vps35,0.5
Sort1,Ngfr,0.5
Il9,Il9r,0.5001607713199359
Il9r,Il2rg,0.5011136750633967
Il12b,Il12b,0.9748033991096463
Il12b,Il12rb1,0.7279551431487364
Cd44,Rdx,0.5
Rdx,Spn,0.5
Rdx,Rdx,0.5
Rdx,Icam2,0.5
Rdx,Mme,0.5
Rdx,Selplg,0.5
Nme1,Nme1,0.5
B4galt1,Lalba,0.5
Lalba,Lalba,0.5
Id1,Id1,0.5989164507236264
Ascl1,Neurog2,0.5485242973355258
Neurod1,Neurod1,0.5989164507236264
Rag1,Rag1,0.5
Rag1,Rag2,0.5
Rag2,Rag2,0.5
Rag2,H3c2,0.5
Lgals1,Lgals1,0.5
Ywhab,Irs1,0.7880700391930453
Ywhab,Mlxipl,0.5689051427488538
Ywhab,Ywhab,0.6813538973396925
Fgfr1,Frs2,0.5268525975866574
Lgals3,Lgals3,0.5
Il2rb,Il2rg,0.5011136750633967
Il2rg,Il7r,0.507714513773257
Cnp,Cnp,0.5
Sptan1,Kifap3,0.5
Kifap3,Kif3a,0.5
Kifap3,Kif3b,0.5
Ctsa,Ctsa,0.5
Ctsa,Glb1,0.5
Glb1,Glb1,0.5
Gapdh,Gapdh,0.5
Gapdh,Siah1a,0.5
Siah1a,Siah1a,0.5
Il7r,Crlf2,0.5408494544991886
Il7r,Tslp,0.5203040909325782
Crlf2,Tslp,0.5408494507853893
Lamp2,Lamp2,0.5
Ap2a2,Ap2a2,0.7167862125640105
Ap2a2,Ap2s1,0.6819769808425404
Ap2a2,Ap2m1,0.7176427322755471
Ap2a2,Ap2b1,0.6939564306335072
Ap2a2,Itsn1,0.6077525238730525
Ap2s1,Ap2m1,0.6826959696993224
Ap2s1,Ap2b1,0.6628129632610261
Ap2m1,Ap2m1,0.7185026360861347
Ap2m1,Tgoln2,0.5830194867081909
Ap2m1,Necap2,0.6371980842500328
Ap2m1,Ap2b1,0.6947227501519488
Ap2b1,Necap2,0.6222666635024656
Itsn1,Itsn1,0.5535578635914609
Cxcl10,Cxcl10,0.5
Ptpra,Ptpra,0.6973321578532059
Cd48,Cd244,0.5
Cd244,Cd244,0.5
Bsg,Slc16a1,0.5
Il10,Il10,0.5510708712093122
Fasn,Fasn,0.5
Tnnc1,Tnni3,0.5
Tnnc1,Tnnt2,0.5
Tnni3,Tnnt2,0.5
Dag1,Dag1,0.5
Gstp1,Gstp1,0.5
Rpl3,Rps6,0.7920612183443156
Rpl3,Rpl23,0.758133489087565
Rpl3,Rpl24,0.7413104467408536
Rpl9,Rpl14,0.9321963499570358
Esr1,Pou4f2,0.5024481754984964
Zp2,Zp2,0.5
Pou5f1,Pou5f1,0.9456571441074233
Pou5f1,Wdr5,0.9060536378265505
Pou5f1,Nr0b1,0.8356065223164258
Pou5f1,Chd4,0.8572539371879883
Pou5f1,Nanog,0.8655629237529285
Pou5f1,Sall4,0.8251591971381251
Wdr5,Wdr5,0.8699695134976497
Wdr5,Rbbp5,0.7676650303268435
Wdr5,Ash2l,0.7344428016635384
Nr0b1,Nr5a2,0.6256193711359597
Nr0b1,Nr0b1,0.7527318125841072
Nr0b1,Rif1,0.596024981663919
Nr0b1,Nanog,0.7752907771158101
Chd4,Mbd3,0.6088121842605471
Nanog,Esrrb,0.613929167308341
Nanog,Nacc1,0.613929167308341
Nanog,Nanog,0.7998633657953369
Nanog,Sall4,0.7667210620600213
Nanog,Znf281,0.613929167308341
Nanog,Zmym2,0.613929167308341
Nanog,Sall1,0.613929167308341
Sall4,Sall4,0.737241800970714
Tnfrsf9,Tnfrsf9,0.5
Tnfrsf9,Tnfsf9,0.5
Tnfsf9,Tnfsf9,0.5
Mag,Mag,0.5
Mag,Rtn4r,0.5
Rtn4r,Adgrb1,0.5
Rtn4r,Rtn4r,0.5
Gnaq,Gnaq,0.5
Abcb1a,Abcb1a,0.5
H3c2,Kdm2a,0.5
Fgfr2,Fgfr2,0.5
Ache,Ache,0.5
Lmo2,Ldb1,0.5966779842749286
Ldb1,Isl1,0.5367326787426419
Fech,Abcb7,0.5
Hnf1a,Hnf1a,0.5
Irf7,Irf7,0.804738344485074
Traf3,Cd40,0.8916860619448975
Traf3,Tank,0.9424217974333113
Traf3,Ticam1,0.883687402785509
Traf3,Mavs,0.6746539276718689
Traf3,Tbk1,0.9316469630406355
Tirap,Tlr4,0.7452384638038705
Tlr4,Ticam2,0.6268214351080887
Tlr4,Ly96,0.6268214351080887
Tlr4,Tlr4,0.8337867019772245
Tlr2,Tlr6,0.5783907024264022
Rarb,Rarb,0.5490525222369276
Rarb,Rxra,0.576356967848984
Rarb,Ing4,0.5186374303317026
Rarb,Med1,0.5416381832322728
Rxra,Ppara,0.6051953000463108
Rxra,Rxra,0.6188600763673182
Rxra,Trim24,0.6378703225184272
Rxra,Med1,0.5648155339087391
Gabrg2,Gabra3,0.5
Gabrg2,Gabra1,0.5
Gabrg2,Gabrb2,0.5
Gabrg2,Gabarapl1,0.5
Gabra3,Gabrb2,0.5
Gabra1,Gabrb2,0.5
Gabrb2,Gabrb2,0.5
Gabarapl1,Gabarapl1,0.5
Wnt5a,Ror2,0.5
Ap1g1,Ap1g1,0.5
Ap1g1,Ap1m1,0.5
Ap1g1,Ap1s1,0.5
Ap1m1,Ap1m1,0.5
Ap1m1,Ap1s1,0.5
Eif3a,Eif3b,0.5
Furin,Furin,0.5
Trim28,Cbx1,0.7269345560393651
Trim28,Trim28,0.6925327674833744
Ca5a,Ca5a,0.5
Aicda,Rpa2,0.5227506226271456
Phc1,Bmi1,0.7646563181101259
Ccng1,Cdkn2a,0.756565845963944
Trp53,Trp53,0.941583903298691
Trp53,Cdkn2a,0.896070075740243
Cdkn2a,Pex19,0.6349756139168937
Rpl11,Rps18,0.8286490449067859
Irf2,Irf2,0.5
Htr3a,Htr3a,0.5
Gsta4,Gsta4,0.5
Aldh1a1,Aldh1a1,0.5
Tec,Dok1,0.5113674255580094
Dok1,Ret,0.5113674255580094
Dok1,Dok1,0.529918376095289
Dok1,Inpp5d,0.5486269094418319
Pax3,Lef1,0.5250186244494536
Lef1,Pias4,0.5250186244494536
Ripk1,Ripk1,0.8855843399756933
Ripk1,Ripk3,0.7666881620763377
Mcm3,Mcm5,0.5
Mcm3,Mcm2,0.5
Mcm3,Mcm7,0.5
Ndn,Hif1a,0.5548000306517947
Hif1a,Vhl,0.5957740490601117
Hif1a,Arnt,0.6337924365469841
Cdk6,Ccnd3,0.6074152419503214
Rps15a,Rps7,0.9748634363906867
Rps15a,Rps23,0.9492490151652719
Rps15a,Rps11,0.9686242196825187
Rps15a,Rps13,0.9910881983841701
Rps15a,Rps9,0.965144220945363
Rps3,Rps29,0.9044423811102428
Rps3,Fau,0.9639213358818716
Rps3,Rps10,0.9093554635815281
Rps3,Serbp1,0.9694634955585605
Rps9,Rps4x,0.8941935340699773
Rps9,Rps24,0.8964260285129572
Rps9,Fau,0.9410263716150818
Serbp1,Fau,0.9517101336433531
Serbp1,Rps12,0.8115993576127466
Serbp1,Rps10,0.898580528335805
Ube2i,Rangap1,0.5125874041337105
Ube2i,Sumo1,0.5141426217572116
Relb,Relb,0.8633215289072732
Relb,Nfkb2,0.8124575354918983
Lyn,Lyn,0.7552424041101834
Lyn,Cd22,0.7021772383366759
Lyn,Gab2,0.7021772354052614
Cd22,Ptpn6,0.5608466517567898
Apbb1ip,Apbb1ip,0.5
Ctnna1,Ctnna1,0.6129890001155551
Ctnna1,Vcl,0.5429300255055532
Klkb1,Klkb1,0.5
Ptma,Keap1,0.5451444193340874
Keap1,Nfe2l2,0.5592341403415436
Keap1,Keap1,0.618817214090053
Cftr,Cftr,0.5
U2af2,U2af2,0.5
U2af2,Rbm39,0.5
Rbm39,Rbm39,0.5
Irs1,Jak1,0.740006990719842
Btk,Btk,0.6100189735835313
Gab1,Shc1,0.7804048873831051
Csf2rb2,Csf2rb2,0.5
Acvr2a,Synj2bp,0.5000035573621315
Acvr2a,Magi2,0.5000246422332814
Magi2,Arhgef16,0.5000322368444083
Magi2,Dll1,0.5000246422332814
Magi2,Magi2,0.5000648570463239
Tgfb2,Tgfb2,0.5
Wnt3a,Fzd8,0.5
Fzd8,Fzd8,0.5
Ets1,Ets1,0.5
Gna12,Gna12,0.5
Gna13,Gna13,0.5
Rps6,Rps4x,0.8242756419458813
Rps6,Rps24,0.8261121600672298
Rps6,Rpl24,0.7436344293349059
Rpl23,Rpl24,0.7153322706198356
Klrb1a,Klrb1a,0.5
Vav1,Vav1,0.5
Braf,Map2k1,0.6328061343042582
Braf,Map2k2,0.566304840947736
Braf,Raf1,0.6093937398256078
Map2k1,Ksr1,0.6897964057308501
Map2k1,Raf1,0.660871492834368
Map2k2,Raf1,0.5803167624845595
Raf1,Rock2,0.5503473436811237
Raf1,Ksr1,0.6563371958466107
Retn,Retn,0.5354791097473477
H2-DMa,H2-DMb2,0.5
Col2a1,Col2a1,0.5
Adss1,Adss1,0.5
Nckap1,Wasf1,0.5000752671129093
Trim24,Cbx1,0.7068240768886833
Kif5c,Kif5c,0.5
Kif3a,Kif3b,0.5
Prkcd,Prkcd,0.5
Pabpc1,Ago2,0.5000000000000001
Ago2,Elavl1,0.5000000000000001
Ago2,Tnrc6a,0.5000000000000001
Ptpn6,Lilrb4a,0.50878388804101
Ptpn22,Csk,0.5016007830465333
Csk,Csk,0.5042131585576436
Csk,Pag1,0.5016007830465333
Ftl1,Ftl1,0.5
Casp1,Pycard,0.5
Pycard,Nlrp3,0.5
Pycard,Pycard,0.5
Agtr1a,Agtrap,0.5
Tead1,Yap1,0.5
Yap1,Tead4,0.5000000000000001
Yap1,Lats2,0.5
Msr1,Msr1,0.5
Ccnd3,Fbxl2,0.5401381940847895
Ppic,Ppic,0.5
Arnt,Arnt,0.624110076519445
Arnt,Npas1,0.5471517870219572
Arnt,Epas1,0.633792423202341
Arnt,Hif3a,0.5471517870219572
Arnt,Sim1,0.5471517870219572
Arnt,Sim2,0.5471517870219572
Arnt,Npas4,0.5471517870219572
Arnt,Npas3,0.5471517870219572
Ccl5,Ccl5,0.6213150995694758
Rbpj,Rbpj,0.5375748464515986
Rbpj,Notch1,0.575596317835009
Notch1,Notch1,0.6520911942400918
Notch1,Itch,0.557786747608992
Notch1,Pofut1,0.5755963130356387
Gsx2,Gsx2,0.5
Ceacam1,Ceacam1,0.5
Nectin2,Nectin2,0.5
Cst8,Cst8,0.5
Mmp13,Mmp13,0.5
Mef2c,Mef2c,0.6118556010992581
Mif,Mif,0.5
Ephx2,Ephx2,0.5
Usp4,Usp4,0.5
Rab5c,Rab5c,0.5
Psen1,Psenen,0.500076410004781
Fah,Fah,0.5
Kcnj2,Kcnj2,0.5
Jak1,Jak1,0.6258863069245605
Jak1,Ifnlr1,0.5625713934522216
Cd81,Cd81,0.5
Ptpn12,Pstpip1,0.5150195350564905
Ptpn12,Shc1,0.6040418153355774
Shc1,Sos1,0.7522128532933794
Shc1,Tgfbr1,0.6458226193945836
Shc1,Inpp5d,0.647112607689897
Flt4,Kdr,0.5
Kdr,Vegfd,0.5
Kdr,Vegfa,0.5
Fxr1,Elavl1,0.5000000000000001
Egfbp2,Egfbp2,0.5
Dnm1,Dnm1,0.5000014867720031
Dnm1,Lrrk2,0.5000029912168391
Lrrk2,Nsf,0.5000022865226088
Lrrk2,Actb,0.500010698118713
Lrrk2,Lrrk2,0.5000060179894159
Lrrk2,Dnm1l,0.5000029912168391
Dnm2,Amph,0.5
Ube2n,Ube2v1,0.5811173094070927
Ube2n,Ube2v2,0.5811173094070927
Tank,Tank,0.9258103910217925
Tank,Tbk1,0.9154401143479091
Cap1,Cap1,0.5
Thpo,Mpl,0.5
Mpl,Mpl,0.5
Vps26a,Vps35,0.5
Vps35,Vps35,0.5
Vps35,Vps29,0.5
Vhl,Epas1,0.5957740395074751
Id3,Tcf4,0.525018632963069
Lep,Lepr,0.5
Lepr,Lepr,0.5
Cetn1,Cetn1,0.5
Foxk1,Sin3b,0.5
Septin2,Septin2,0.5
Stat1,Isg15,0.5000000000000001
Isg15,Isg15,0.5000000000000001
Isg15,Usp18,0.5
Stat5a,Stat5a,0.6169164153414688
Lifr,Lifr,0.5
Oprm1,Wls,0.5
Il12rb2,Il12rb1,0.6016726900629867
Nr5a2,Nr5a2,0.5624386231525265
Man1a1,Man1a1,0.5
Rangap1,Rangap1,0.506256529481345
Syt1,Syt1,0.5
Tsc2,Tsc1,0.5224268022679275
Rab11b,Kcnma1,0.5
Kcnma1,Hspa8,0.5
Nf2,Nf2,0.5
Abraxas1,Abraxas1,0.7530053465376232
Nedd4,Grb10,0.5
Nedd4,Scnn1a,0.5
Nedd4,Ndfip1,0.5
Nedd4,Scnn1b,0.5
Nedd4,Scnn1g,0.5
Grb10,Igf1r,0.5
Scnn1a,Nedd4l,0.5
Scnn1b,Nedd4l,0.5
Scnn1g,Nedd4l,0.5
Tead4,Tead4,0.5000000000000001
Tead4,Vgll4,0.5000000000000001
Tead4,Vgll1,0.5000000000000001
Tead4,Wwtr1,0.5
Rph3a,Rab8a,0.49999999999999994
Rph3a,Rab27a,0.5
Rab27a,Mlph,0.5
Rab27a,Rab27a,0.5
Rab27a,Sytl4,0.5
Capza1,Capzb,0.5
Tab1,Tab1,0.6340273606979436
Crat,Crat,0.5
Rpl35,Pa2g4,0.9209766570441489
Rpl35,Rpl37,0.9623562669229736
Syk,Clec7a,0.5
Clec7a,Clec7a,0.5
Sat1,Sat1,0.5
Glrb,Gphn,0.5
Il15,Il15,0.5
Il15,Il15ra,0.5
Xpo4,Xpo4,0.606755275441371
Kcnj6,Kcnj6,0.5
Brca1,Palb2,0.5
Palb2,Palb2,0.5
Cdk5,Cdk5r1,0.501747115614891
Sult1e1,Sult1e1,0.5
Hsd11b1,Hsd11b1,0.5
Ahcy,Ahcy,0.5
Sftpb,Sftpb,0.5
Shmt1,Shmt1,0.5
Acadvl,Acadvl,0.5
Pa2g4,Rpl26,0.8877585458417177
Rpl26,Rpl39,0.8913619334810066
Rpl26,Rpl39l,0.8913619334810066
Defa14,Defa14,0.5
Dvl1,Dvl1,0.5
Dvl1,Dact1,0.5
Dact1,Dvl2,0.5
Dact1,Vangl2,0.5
Rab7a,Osbpl1a,0.5
Osbpl1a,Osbpl1a,0.5
Rorc,Rorc,0.5
Rorc,Foxp3,0.5
Foxp3,Foxp3,0.5
Cav3,Cacna1c,0.5
Kpna2,Kpna2,0.5000000000000001
Kpna2,Tnrc6a,0.5000000000000001
Kpna2,Ncbp1,0.5000000000000001
Kpna2,Nup50,0.5000000000000001
Kpna2,Ddx21,0.5000000000000001
Ifnlr1,Ifnlr1,0.5311009145807968
Ndufs6,Ndufs1,0.9959312237150372
Ndufs6,Ndufs4,0.9959319890379257
Ndufs6,Ndufv2,0.973221578827596
Ndufs1,Ndufv3,0.9547546836928199
Ndufs1,Ndufv1,0.9773017580332832
Ndufs1,Ndufa2,0.689931232279657
Ndufs1,Ndufs4,0.9999109495546267
Ndufs1,Ndufv2,0.9770183292277036
Ndufs4,Ndufv3,0.9547553854719206
Ndufs4,Ndufv1,0.9773024946071119
Ndufs4,Ndufa5,0.9962568729069257
Ndufs4,Ndufv2,0.977019065364144
Ndufv2,Ndufv3,0.9339305917951526
Ndufv2,Ndufv1,0.95544519222182
Hmga2,Chaf1a,0.5146713617282986
Chaf1a,Cbx1,0.6016297741841766
Pdx1,Pcif1,0.5
Pdx1,Spop,0.5
Spop,Gli2,0.5
Spop,Spop,0.5
Nudt1,Nudt1,0.5
Npas4,Arnt2,0.5068063516825715
Idh2,Idh2,0.5
Stom,Stom,0.5
Rad23b,Ngly1,0.49999999999999994
Ngly1,Ngly1,0.49999999999999994
Ngly1,Amfr,0.49999999999999994
Psmd10,Psmd10,0.49999999999999994
Galc,Galc,0.5
Galc,Psap,0.5
Psap,Psap,0.5
Acod1,Acod1,0.5
Slc12a2,Stk39,0.5
Stk39,Stk39,0.5
Ctsk,Ctsk,0.5
Adk,Adk,0.5
Cdh11,Cdh11,0.5
Cidec,Cidec,0.5
Tcl1a,Tcl1a,0.5
Cda,Cda,0.5
Cd38,Cd38,0.5
Mrps21,Mrps6,0.5
Mrps21,Rbfa,0.5
Mrps21,Mrps18c,0.5
Mrps21,Mrps2,0.5
Mrps21,Chchd1,0.5
Mrps21,Mrps28,0.5
Mrps21,Mrps9,0.5
Mrps21,Mrps11,0.5
Mrps6,Rbfa,0.5
Mrps6,Mrps26,0.5
Mrps6,Mrps18c,0.5
Mrps6,Mrps23,0.5
Mrps6,Mrps2,0.5
Mrps6,Chchd1,0.5
Mrps6,Mrps28,0.5
Mrps6,Mrps15,0.5
Rbfa,Mrps7,0.5
Rbfa,Mrps18c,0.5
Rbfa,Mrps2,0.5
Rbfa,Mrps5,0.5
Rbfa,Mrps28,0.5
Rbfa,Mrps9,0.5
Rbfa,Mrps11,0.5
Rbfa,Mettl15,0.5
Mrps18c,Mrps26,0.5
Mrps18c,Mrps23,0.5
Mrps18c,Mrps2,0.5
Mrps18c,Mrps28,0.5
Mrps18c,Mrps11,0.5
Mrps2,Mrps23,0.5
Mrps2,Mrps5,0.5
Mrps2,Chchd1,0.5
Mrps2,Mrps28,0.5
Mrps2,Mrps9,0.5
Chchd1,Mrps7,0.5
Chchd1,Mrps23,0.5
Chchd1,Mrps28,0.5
Chchd1,Mrps11,0.5
Mrps28,Mrps23,0.5
Mrps28,Mrps9,0.5
Mrps9,Mrps7,0.5
Mrps9,Mrps10,0.5
Mrps9,Mrps35,0.5
Mrps9,Mrps5,0.5
Mrps9,Mrps24,0.5
Mrps9,Mrps14,0.5
Mrps9,Dap3,0.5
Mrps11,Mrps7,0.5
Mrps11,Mettl15,0.5
Mrps26,Mrps18b,0.5
Mrps26,Mrps16,0.5
Mrps26,Mrps22,0.5
Mrps26,Mrps15,0.5
Mrps26,Mrps34,0.5
Mrps23,Mrps5,0.5
Mrps15,Aurkaip1,0.5
Rps23,Rps11,0.923997574061942
Rps23,Fau,0.9259553364057849
Rps24,Rps4x,0.858628575428783
Rnf216,Ube2l3,0.5128255396849866
Ube2l3,Prkn,0.5542157036244219
Ube2l3,Arih2,0.5128255396849866
Tlr7,Unc93b1,0.5
Unc93b1,Tlr13,0.5
Unc93b1,Tlr3,0.5
Unc93b1,Tlr9,0.5
Tpm1,Tpm1,0.5
Tpm1,Actc1,0.5
Tpm1,Acta1,0.5
Actc1,Actc1,0.5
Acta1,Arpc4,0.5
Acta1,Actr2,0.5
Acta1,Acta1,0.5
Acta1,Actr3,0.5
Acta1,Arpc2,0.5
Acta1,Arpc1b,0.5
Ripk2,Nod2,0.5
Il1rapl1,Il1rapl1,0.5000069076728328
Il1rapl1,Ptprd,0.5000138975627901
Ptprd,Lrfn1,0.5000138975619798
Ptprd,Ptprd,0.5000279605384012
Ptprd,Slitrk2,0.5000106234618694
Ptprd,Nlgn3,0.5000138975619798
Kdm2a,Kdm2a,0.5
Arpc4,Actr2,0.5
Arpc4,Actr3,0.5
Arpc4,Arpc5,0.5
Arpc4,Arpc2,0.5
Arpc4,Arpc1b,0.5
Actr2,Actr3,0.5
Actr2,Arpc3,0.5
Actr2,Arpc1b,0.5
Actr3,Arpc2,0.5
Actr3,Arpc3,0.5
Arpc5,Arpc1b,0.5
Arpc2,Arpc1b,0.5
Ruvbl1,Ruvbl2,0.5009251903537482
Pdxp,Pdxp,0.5
Ube2g2,Ube2g2,0.5
Ube2g2,Rbx1,0.5
Rbx1,Ube2d1,0.5
Actb,Pfn1,0.5000072258356182
Actb,Trpm7,0.500009452798894
Trpm7,Myh9,0.5000017851815843
Trpm7,Trpm7,0.5000046984805242
Eif4g1,Eif4e,0.5
Rps29,Rps10,0.8433767683097808
Rpl39,Rpl34,0.9419834370117335
Rpl39,Rpl37,0.9355338371593399
Rpl39l,Rpl34,0.9419834370117335
Rpl39l,Rpl37,0.9355338371593399
Rab6b,Rab6b,0.5
Rpl30,Rpl37a,0.8901978215526443
Rpl30,Rps13,0.9306242869770592
Rpl30,Rpl34,0.9316771673054436
Rpl34,Rpl37a,0.941181589416322
Rpl34,Rpl37,0.9809584124507517
Rnd3,Rnd3,0.5
Sumo2,Tdp2,0.5
Tdp2,Tdp2,0.5
Rbbp5,Paxip1,0.6206102646393459
Rbbp5,Rbbp5,0.6936499247804244
Rbbp5,Ash2l,0.6696143528798619
Rbbp5,Dpy30,0.5735769177982736
Ash2l,Paxip1,0.6056402785111719
Lmo4,Lmo4,0.5
Hnrnpk,Hnrnpu,0.5
Ndel1,Pafah1b1,0.5072904449465916
Ndel1,Ndel1,0.5146675302723775
Rps7,Rps13,0.9696558499684057
Rps13,Rps11,0.9634850555849004
Ppp1ca,Ppp1ca,0.5
Ppp1ca,Ppp1r9b,0.5
Rps8,Rps11,0.6680448254876363
Rps11,Rps4x,0.897142711849657
Rps14,Rps26,0.8223232469354926
Rps14,Rps28,0.7648392661245002
Rps26,Rps28,0.7747430504656007
Rps10,Rps12,0.771703552446627
Snrpe,Snrpg,0.5
Snrpd1,Snrpd2,0.5
Esrrg,Esrrg,0.5
Dynlrb1,Dynlrb1,0.5
Crybb2,Crybb2,0.5
Kmt5c,Kmt5c,0.6188280772167201
Brdt,Brdt,0.8030233599735999
Orc1,Orc1,0.6188280772167201
Gnb1,Gng2,0.49999999999999994
Gnb1,Trpm1,0.49999999999999994
Crabp1,Crabp1,0.5
Rps27a,Rps27a,0.6065434920340601
Rps27a,Rps12,0.6504358552613925
Pafah1b1,Pafah1b1,0.5036236903236107
Hspa8,Mef2d,0.5
Hspa8,Bag2,0.5
Bag2,Bag2,0.5
Tpt1,Tpt1,0.5
Eif4e,Eif4e,0.5
Eif4e,Eif4ebp2,0.5
Eif4e,Eif4ebp1,0.5
Ppp1cc,Ppp1cc,0.5
Sumo1,Nr2c1,0.5096454476751564
Nr2c1,Pml,0.5044755710716827
Ppp3ca,Ppp3r1,0.49999999999999994
Ppp3ca,Myoz2,0.49999999999999994
Ppp2r1a,Ppp2r1a,0.5114970095972527
Tuba4a,Tuba4a,0.5173312966878678
Tuba4a,Tubb2a,0.5348685588820189
Tubb2a,Tuba1c,0.5348685588820189
Tubb2a,Tubb2a,0.570151496475155
Vash2,Vash2,0.5544578414515797
Tuba1c,Tuba1c,0.5173312966878678
Cbx1,Cbx1,0.7674832621892831
Abcb9,Abcb9,0.6188737023204336
Smpdl3a,Smpdl3a,0.5
Kpnb1,Kpnb1,0.5
Traf3ip2,Ikbke,0.5503221098970007
Clec4f,Clec4f,0.5
Cyld,Bcl3,0.5775476590824669
Ticam1,Tbk1,0.8602877150533956
Itpr3,Itpr3,0.5
Sema3e,Plxnd1,0.5
Plxnd1,Plxnd1,0.5
Plxnd1,Gipc1,0.5
Sycp3,Sycp3,0.5
Ctps2,Ctps2,0.5
Smad1,Smad4,0.585437459573311
Smad1,Zeb2,0.5812213487181069
Smad4,Smad4,0.562829509165248
Smad4,Smad2,0.5238719756888458
Zeb2,Smad5,0.5897980991599381
Casp4,Casp4,0.5
Casp4,Gsdmd,0.5
Gsdmd,Gsdmd,0.5
Tbk1,Sting1,0.7014620994801236
Tbk1,Optn,0.7014621140851627
Tbk1,Zbp1,0.745823406738377
Tbk1,Azi2,0.6540000216005746
Tbk1,Tbk1,0.9053223975940283
Ncoa1,Ncoa1,0.5
F7,Pofut1,0.5142765125350405
Pofut1,Pofut1,0.5375748416805832
Evl,Evl,0.5
Nherf1,Slc34a1,0.5
Slc34a1,Nherf4,0.5
Slc34a1,Nherf2,0.5
Slc34a1,Pdzk1,0.5
Stx4,Stxbp3,0.5
Stxbp3,Stxbp3,0.5
H2bc1,H2bc1,0.5
H2bc1,H2ac1,0.5
H2ac1,H2ac1,0.5
Ctps1,Ctps1,0.5
Cct3,Cct3,0.5
Arf1,Arf1,0.5
Erh,Erh,0.5
Bbc3,Bbc3,0.5900810188296886
Cdh8,Cdh8,0.5
Mafk,Nfe2l2,0.5118874001363732
Lrp8,Reln,0.5060883898096797
Lrp8,Mapk8ip2,0.5046540397090765
Cdh6,Cdh6,0.5
Khk,Khk,0.5
Kif20a,Kif20a,0.5
Gipc1,Sema4b,0.5000000000000001
Gipc1,Myo6,0.5000000000000001
Gipc1,Gipc1,0.5000000000000001
S100a13,S100a13,0.5
Etv6,Etv6,0.5
Bpifa1,Bpifa1,0.5
Psme1,Psme1,0.5
Psme1,Psme2,0.5
Psme2,Psme2,0.5
Frzb,Frzb,0.5
Crmp1,Crmp1,0.5
Kcnk2,Kcnk2,0.5
Smad5,Smad5,0.6420126002512893
Tarbp2,Dicer1,0.5
Myo7a,Myo7a,0.5
Eya1,Six1,0.5
Eya1,Six2,0.5
Fbxl21,Skp1,0.6843951599090375
Fbxl21,Cul1,0.7367585803083688
Cxadr,Jaml,0.5
Sirpa,Sirpa,0.5
Neo1,Neo1,0.5
Ang3,Ang3,0.5
Jdp2,Jdp2,0.5
Brca2,Rad51,0.5
Sos1,Crk,0.7199669412133776
Tgfbr1,Tgfbr2,0.588063401868427
Gabpb1,Gabpa,0.5
Cd80,Cd274,0.5
Cd274,Pdcd1,0.5
Cd274,Cd274,0.5
Col8a1,Col8a1,0.5
Uba1,Uba1,0.5
Pdcd1,Pdcd1,0.5
Pdcd1,Pdcd1lg2,0.5
Ctnna2,Ctnna2,0.612989017134058
Apc,Ptpn13,0.5678833323166314
Cacna1s,Cacnb1,0.5
Mmp11,Mmp11,0.5
Runx1,Runx1,0.5
Runx1,Cbfb,0.5
Msx2,Maged1,0.5
Itk,Itk,0.5
Nfkb2,Nfkb2,0.7687143582691129
Btg2,Cnot7,0.5
Cnot7,Cnot6l,0.5
Smpd1,Smpd1,0.5
Cdk16,Ccny,0.5
Ptgs2,Ptgs2,0.5
Fabp5,Fabp5,0.5
Fmn1,Tcerg1,0.5
Ptprg,Ptprg,0.5
Ptprg,Cntn4,0.5
Ptprg,Cntn6,0.5
Cntn4,Cntn4,0.5
Cntn6,Cntn6,0.5
Intu,Wdpcp,0.5
Zscan2,Zscan2,0.5
Ebf1,Ebf1,0.5
Plk1,Plk1,0.5
Plk1,Fbxo43,0.5
Hgf,Hgf,0.5
Eps8,Eps8,0.5
Eps8,Abi1,0.5
Abi1,Cyfip2,0.5
Abi1,Wasf2,0.5
Mitf,Mitf,0.5
Gcnt1,Gcnt1,0.5
Unc79,Unc80,0.5
Traf3ip1,Traf3ip1,0.5
Ptcd3,Mrps31,0.5
Ptcd3,Mrps10,0.5
Ptcd3,Mrps35,0.5
Ptcd3,Mrps5,0.5
Ptcd3,Mrps24,0.5
Ptcd3,Mrps33,0.5
Mrps31,Mrps10,0.5
Mrps31,Mrps35,0.5
Mrps31,Mrps24,0.5
Mrps31,Mrps14,0.5
Mrps31,Mrps33,0.5
Mrps10,Mrps35,0.5
Mrps10,Mrps24,0.5
Mrps10,Mrps14,0.5
Mrps35,Mrps24,0.5
Mrps35,Mrps33,0.5
Mrps35,Dap3,0.5
Mrps5,Mrps18b,0.5
Mrps5,Mrps24,0.5
Mrps5,Mrps14,0.5
Mrps5,Mrps22,0.5
Mrps5,Mrps33,0.5
Mrps24,Mrps14,0.5
Mrps24,Mrps33,0.5
Mrps33,Mrps14,0.5
Dok7,Dok7,0.5
Dok7,Musk,0.5
Musk,Musk,0.5
Myo3b,Espn,0.5
Espn,Espn,0.5
Zbtb48,Zbtb48,0.5
Trim71,Trim71,0.5
Trim72,Trim72,0.5
Malt1,Bcl10,0.5
Lrfn1,Lrfn1,0.5000069076720273
H2-T22,H2-T22,0.5
Insc,Gpsm2,0.5
Gpsm2,Gpsm2,0.5
Tgtp2,Tgtp2,0.5
Sting1,Sting1,0.6001350474779121
Sting1,Ddx41,0.5380461825607498
Plbd2,Plbd2,0.5
Disp1,Shh,0.5
Shh,Shh,0.5
Ttyh2,Ttyh2,0.5
Mecp2,Atrx,0.5256187956359721
Mecp2,Smarca2,0.5256187956359721
Mecp2,Tbl1xr1,0.5335143734902958
Ang4,Ang4,0.5
Pot1b,Acd,0.5
Acd,Pot1,0.5
Mpnd,Mpnd,0.5
Cnnm2,Cnnm2,0.5
Cnnm2,Ptp4a1,0.5
Cd96,Cd96,0.5
Apcdd1,Apcdd1,0.5
Crtc2,Crtc2,0.5
Hvcn1,Hvcn1,0.5
Xxylt1,Xxylt1,0.5
Arhgef16,Arhgef16,0.5000160231493155
Pik3r6,Pik3cg,0.5
Pik3cg,Pik3r5,0.5
Kmt5b,Kmt5b,0.5
Hdhd2,Hdhd2,0.5
Sdk1,Sdk1,0.5
Adgrb1,Adgrb1,0.5
Aak1,Aak1,0.5
Bahcc1,Bahcc1,0.5
Btrc,Nfe2l2,0.529055044889736
Btrc,Skp1,0.5570475781265414
Skp1,Cul1,0.6461680141306756
Skap2,Skap2,0.5
Tfcp2l1,Tfcp2,0.5
Nlrc4,Nlrc4,0.5
Nlrc4,Naip2,0.5
Nlrc4,Naip5,0.5
Zc3hav1,Zc3hav1,0.5
Myrf,Myrf,0.5
Snx21,Snx21,0.5
Samd5,Epha5,0.5
Ubash3a,Ubash3a,0.5
Bbs1,Bbs9,0.5
Bbs1,Bbs4,0.5
Bbs1,Bbs7,0.5
Bbs1,Ttc8,0.5
Bbs1,Bbs2,0.5
Bbs1,Bbs5,0.5
Bbs9,Bbs2,0.5
Bbs4,Bbs2,0.5
Bbs7,Bbs2,0.5
Ttc8,Bbs2,0.5
Snx25,Snx25,0.5
Tln2,Tln2,0.5
Homer2,Homer2,0.5
Abl2,Abl2,0.5
Lhfpl5,Lhfpl5,0.5
Lhfpl5,Pcdh15,0.5
Pcdh15,Cdh23,0.5
Pcdh15,Pcdh15,0.5
Pcdh15,Ush1c,0.5
Arap1,Arap1,0.5
Arap1,Sh3kbp1,0.5
Sh3kbp1,Sh3kbp1,0.5
Rc3h1,Rc3h1,0.5
Zc3h12a,Zc3h12a,0.5
Zc3h12c,Zc3h12c,0.5
Rassf5,Rassf5,0.5
Trpm3,Trpm3,0.5
Cobl,Cobl,0.5
Cobl,Dbnl,0.5
Mief2,Mief2,0.5
Kdm6b,Kdm6b,0.5
Mdc1,Mdc1,0.5
Havcr1,Havcr1,0.5
Brsk1,Brsk1,0.5
Dnm1l,Dnm1l,0.5000014867720031
Vps54,Vps54,0.5
Znrf3,Znrf3,0.5
Znrf3,Rspo2,0.5
Mks1,Cc2d2a,0.5
Mks1,B9d1,0.5
Wwc1,Wwc1,0.5000030460104787
Wwc1,Lats1,0.5000016075759296
Lats1,Mob1b,0.5000004217051596
Lats1,Lats1,0.5000008484213654
Arcn1,Arcn1,0.5000000000000001
Xrcc1,Xrcc1,0.5
Cttn,Cttn,0.5
Cttn,Wasl,0.5
Kcnh1,Kcnh1,0.5
Tiam1,Tiam1,0.5
Satb1,Satb1,0.5
Klra7,Klra7,0.5
Lama2,Lama2,0.5
Map3k12,Map3k12,0.5
Samhd1,Samhd1,0.5
Igf1r,Igf1r,0.5
Marco,Marco,0.5
Gas7,Gas7,0.5
Pdzk1,Pdzk1,0.5
Dvl2,Dvl2,0.5
Dvl2,Vangl2,0.5
Reln,Reln,0.5030262129944452
Ripk3,Mlkl,0.5700830249920381
Ripk3,Ripk3,0.6844540050463108
Dbp,Tef,0.5
Tef,Tef,0.5
Xiap,Diablo,0.5
Xiap,Htra2,0.5
Adipoq,Adipoq,0.5
Tmpo,Tmpo,0.5
Map3k2,Map2k5,0.5
Crk,Crk,0.7082882969950579
Trpc6,Trpc6,0.5
Mapre1,Mapre1,0.5
Irf9,Stat2,0.5
Jarid2,Suz12,0.6345699936285911
Jarid2,Eed,0.6451755825797842
Suz12,Eed,0.6451755825797842
Eed,Aebp2,0.6176876463101386
Il10rb,Il10rb,0.5
Il10rb,Il22ra1,0.5
Il10rb,Il22,0.5
Il22ra1,Il22ra1,0.5
Il22ra1,Il22,0.5
Rgl2,Rgl2,0.5
Pik3c2a,Pik3c2a,0.5
Dyrk1a,Dyrk1a,0.5
Mre11,Nbn,0.5
Slc6a3,Pick1,0.5
Cntn2,Cntn2,0.5
Tnfaip2,Tnfaip2,0.5
Chi3l1,Chi3l1,0.5
Uqcrc2,Uqcrc2,0.9622258059960609
Slc35a1,Slc35a1,0.5
Sox17,Sox17,0.5
Rev3l,Mad2l2,0.5
Mad2l2,Rev1,0.5
Trim25,Trim25,0.5
Rad21,Smc3,0.5
Smc3,Smc1a,0.5000000000000001
Smc3,Smc3,0.5
Crygc,Crygc,0.5
Grid1,Grid1,0.5
Pacsin1,Pacsin1,0.5
Kcnj11,Kcnj11,0.5
Lag3,Lag3,0.5
Lbp,Lbp,0.5
Pdcd4,Pdcd4,0.5
Npm1,Npm1,0.5
Klk8,Klk8,0.5
Cltc,Cltc,0.5
Nlgn2,Nlgn2,0.5
Nlgn3,Nlgn3,0.5000069076720273
Lgi1,Lgi1,0.5
Sh2b1,Sh2b1,0.6169164153414688
Jak3,Jak3,0.5
Siglec1,Siglec1,0.5
Thrsp,Mid1ip1,0.5
Med22,Med30,0.5
Med22,Med18,0.5
Med22,Med8,0.5
Med22,Med11,0.5
Med30,Med11,0.5
Med18,Med8,0.5
Med18,Med11,0.5
Med8,Med11,0.5
Wwtr1,Wwtr1,0.5
Tsn,Tsn,0.5
Tsn,Tsnax,0.5
Sh3gl2,Sh3gl2,0.5
Ift52,Ift52,0.5
Mcf2l,Mcf2l,0.5
Nr6a1,Nr6a1,0.5
Hand1,Hand1,0.5
Omp,Omp,0.5
Myo6,Myo6,0.5
Myo6,Gipc2,0.5
Gipc2,Gipc2,0.5
Usp18,Usp18,0.5
Dazl,Dazl,0.5
Rgn,Rgn,0.5
Gapdhs,Gapdhs,0.5
Nqo1,Nqo1,0.5
Plk4,Plk4,0.5
Igkv5-39,Igkv5-39,0.5
Fnip1,Fem1b,0.5
Fem1b,Fem1b,0.5
Git1,Git1,0.6261923658077027
Git1,Arhgef7,0.5664911704074764
Arhgef7,Arhgef7,0.5350344152267744
Arhgef7,Git2,0.5174137455856301
Brsk2,Brsk2,0.5
Brme1,Brme1,0.5
Brme1,Hsf2bp,0.5
Hsf2bp,Hsf2bp,0.5
Carmil1,Carmil1,0.5
Nipbl,Smc1a,0.5000000000000001
Smc1a,Smc1a,0.5000000000000001
Prmt6,Prmt6,0.5
Dhx37,Dhx37,0.5
Paxip1,Kmt2c,0.5285414601043961
Ippk,Ippk,0.5
Lrig3,Lrig3,0.5
Mrps7,Mettl15,0.5
Mrps7,Dap3,0.5
Snx19,Snx19,0.5
Smchd1,Smchd1,0.5
Ttyh3,Ttyh3,0.5
Xpo1,Xpo1,0.5
Adat2,Adat3,0.5
Ano6,Ano6,0.5
Nrxn3,Nrxn3,0.5
Bend3,Bend3,0.5
Cachd1,Cachd1,0.5
Cachd1,Fzd5,0.5
Msl1,Msl1,0.5
Ado,Ado,0.5
Nup98,Rae1,0.5
Trim45,Trim45,0.5
Rigi,Rigi,0.5
Rictor,Prr5,0.5173653293612709
Rictor,Mapkap1,0.5457044002433585
Rev1,Polh,0.5
Rev1,Polk,0.5
Tlr13,Tlr13,0.5
Magi1,Magi1,0.5
S100a15a,S100a15a,0.5
Sdk2,Sdk2,0.5
Ranbp10,Ranbp10,0.5
Cd200r4,Cd200r4,0.5
Tha1,Tha1,0.5
Tiam2,Tiam2,0.5
Fmnl3,Fmnl3,0.5
Topbp1,Topbp1,0.5
Dna2,Dna2,0.5
Syne2,Sun2,0.5
Sun2,Sun2,0.5
Syne1,Atp1b4,0.5
Atp1b4,Snw1,0.5
Kyat3,Kyat3,0.5
Tifa,Tifa,0.5
Tifa,Tifab,0.5
Tifab,Tifab,0.5
Scn4b,Scn4b,0.5
Trpm4,Trpm4,0.5
Mycbp2,Mycbp2,0.5
Cep120,Cep120,0.5
Kirrel2,Kirrel2,0.5
Elp1,Elp3,0.5
Elp3,Elp2,0.5
Adgrl3,Adgrl3,0.5
Adgrl3,Flrt3,0.5
Adgrl3,Flrt2,0.5
Flrt3,Flrt3,0.5
Flrt2,Flrt2,0.5
Pum2,Pum2,0.5
Mogs,Mogs,0.5
Fancd2,Fanci,0.5
Fanci,Fanci,0.5
Camsap3,Katnb1,0.5
Camsap3,Wdr47,0.5
Camsap3,Katna1,0.5
Katnb1,Katnb1,0.5
Katnb1,Aspm,0.5
Katnb1,Katna1,0.5
Wdr47,Wdr47,0.5
Katna1,Aspm,0.5
Trim56,Trim56,0.5
Gstm7,Gstm7,0.5
Crybg3,Crybg3,0.5
Kirrel1,Kirrel1,0.5
Efcab9,Catsperz,0.5
Lrrc8a,Lrrc8a,0.5
Lrrc8a,Lrrc8c,0.5
Lrrc8c,Lrrc8c,0.5
Gadl1,Gadl1,0.5
Rhbdf2,Adam17,0.5
Ric8b,Gnal,0.5
Gnal,Gnal,0.5
Lrfn4,Lrfn4,0.5
Baiap2l2,Baiap2l2,0.5
Dnajb13,Dnajb13,0.5
Dnajb13,Rsph4a,0.5
Dnajb13,Nme5,0.5
Dnajb13,Dydc2,0.5
Dnajb13,Rsph9,0.5
Rsph4a,Rsph4a,0.5
Rsph4a,Rsph1,0.5
Rsph4a,Nme5,0.5
Rsph4a,Dydc2,0.5
Rsph4a,Rsph9,0.5
Rsph4a,Rsph3b,0.5
Nme5,Dydc2,0.5
Nme5,Rsph9,0.5
Nme5,Rsph3b,0.5
Dydc2,Rsph9,0.5
Dydc2,Rsph3b,0.5
Rsph9,Rsph1,0.5
Rsph9,Rsph9,0.5
Rsph9,Rsph3b,0.5
Dixdc1,Dixdc1,0.5
Trrap,Atxn7,0.5
Trrap,Kat2a,0.5
Atxn7,Kat2a,0.5
Kat2a,Tada3,0.5
Kat2a,Taf6l,0.5
Kat2a,Taf9,0.5
Kat2a,Taf5l,0.5
Kat2a,Tada1,0.5
Kat2a,Kat2a,0.5
Amigo1,Amigo1,0.5
Mrps18b,Mrps27,0.5
Mrps18b,Mrps16,0.5
Mrps18b,Mrps22,0.5
Mrps18b,Mrps34,0.5
Mrps16,Mrps22,0.5
Mrps16,Mrps34,0.5
Mrps22,Mrps34,0.5
Mrps34,Mrps27,0.5
Rnaseh2b,Rnaseh2c,0.5
Rnaseh2b,Rnaseh2a,0.5
Rnaseh2c,Rnaseh2a,0.5
Mgat4a,Mgat4a,0.5
H2-M10.4,H2-M10.4,0.5
Lair1,Lair1,0.5
Ubash3b,Ubash3b,0.5
Sult2a8,Sult2a8,0.5
Enpp6,Enpp6,0.5
Mief1,Mief1,0.5
Tiprl,Tiprl,0.5
Ehd2,Ehd2,0.5
Rnf41,Rnf41,0.5
Dtd2,Dtd2,0.5
Clic6,Clic6,0.5
Tbl1xr1,Tbl1xr1,0.5166581815850233
Pnma2,Pnma2,0.5
Ano1,Ano1,0.5
Marf1,Marf1,0.5
Pnpla2,Plin5,0.5
Pnpla2,Abhd5,0.5
Abhd5,Plin1,0.5
Kctd7,Kctd7,0.5
Smarcal1,Smarcal1,0.5
Ndufv3,Ndufv1,0.9341884192659254
Unk,Unk,0.5
Cadm2,Cadm2,0.5
Cdh7,Cdh7,0.5
Eif4e2,Eif4e2,0.5
Gldn,Gldn,0.5
Qsox1,Qsox1,0.5
Mob1b,Mob1b,0.5000002096072175
Sgsm1,Rab9a,0.5
Bicd1,Bicd1,0.5
Kirrel3,Kirrel3,0.5
Clasp2,Clasp2,0.5
Cptp,Cptp,0.5
Slc26a9,Slc26a9,0.5
Azin2,Oaz3,0.5
Ttpa,Ttpa,0.5
Tmem266,Tmem266,0.5
Dock10,Dock10,0.5
Lrrc4c,Ntng1,0.5
Vps26b,Vps26b,0.5
Atg5,Atg12,0.5001156129867077
Tmem120a,Tmem120a,0.5
Metrn,Metrn,0.5
Aida,Aida,0.5
Rtkn,Rhoa,0.5
Rhoa,Arhgdia,0.5
Arl3,Arl3,0.49999999999999994
Cgas,Cgas,0.5
Zfp57,Zfp57,0.5
Crbn,Crbn,0.5
Ppfibp1,Ppfibp1,0.5
Endov,Endov,0.5
Rsad2,Rsad2,0.5
Micu2,Micu2,0.5
Piezo2,Piezo2,0.5
Piwil2,Tdrd1,0.5
Tdrd1,Tdrd1,0.5
C1ql2,C1ql2,0.5
Gpc3,Gpc3,0.5
Smc4,Smc2,0.5
Adprs,Adprs,0.5
Rpgrip1l,Rpgrip1l,0.5
Akr7a2,Akr7a2,0.5
Pgp,Pgp,0.5
Aldh4a1,Aldh4a1,0.5
Plcg2,Plcg2,0.5
Lgsn,Lgsn,0.5
Cd209b,Cd209b,0.5
Plxnb1,Plxnb1,0.5
Thtpa,Thtpa,0.5
Tfb1m,Aurkaip1,0.5
Pdxk,Pdxk,0.5
Fermt3,Fermt3,0.5
Unc5b,Unc5b,0.5
Neil3,Neil3,0.5
Adgrg1,Adgrg1,0.5
Scara5,Scara5,0.5
Prpf39,Prpf39,0.5
Sash3,Sash3,0.5
Tdh,Tdh,0.5
Optn,Optn,0.6001350619965373
Anks4b,Anks4b,0.5
Anks4b,Myo7b,0.5
Polb,Polb,0.5
Trpv3,Trpv3,0.5
C1qtnf5,Mfrp,0.5
Mrtfa,Mrtfa,0.5
Colec12,Colec12,0.5
Pirb,Pirb,0.5
Naxe,Naxe,0.5
Mcoln2,Mcoln2,0.5
Fahd1,Fahd1,0.5
Ace2,Ace2,0.5
Timd2,Timd2,0.5
Mtss1,Mtss1,0.5
Fuom,Fuom,0.5
Bst2,Bst2,0.5
Nudt4,Nudt4,0.5
Blzf1,Gorasp2,0.5
Gorasp2,Gorasp2,0.5
Gorasp2,Jam3,0.5
Gorasp2,Jam2,0.5
Cadm4,Cadm4,0.5
Cadm4,Cadm3,0.5
Nlrp3,Nlrp3,0.5
Trpm8,Trpm8,0.5
Sla2,Sla2,0.5
Nup35,Nup35,0.5
Cd207,Cd207,0.5
Kctd5,Kctd5,0.5
Tlr3,Tlr3,0.5
Tlr9,Tlr9,0.5
Fyco1,Map1lc3b,0.5
Map1lc3b,Map1lc3b,0.5
Uhrf1,Uhrf1,0.5
Dapk2,Dapk2,0.5
Parn,Parn,0.5
Mical1,Mical1,0.5
Cbx7,Cbx7,0.6157739689562391
Chchd4,Aifm1,0.5
Aifm1,Aifm1,0.5
Sav1,Sav1,0.5
Gramd1a,Gramd1a,0.5
Rem2,Rem2,0.5
Ppargc1b,Srebf1,0.5
Nudt16l1,Nudt16l1,0.5
Havcr2,Havcr2,0.5
Havcr2,Bag6,0.5
Clec2d,Clec2d,0.5
Clec2d,Klrb1b,0.5
Klrb1b,Klrb1b,0.5
Acot7,Acot7,0.5
Slc12a5,Slc12a5,0.5
Mlph,Rab27b,0.5
Rab27b,Rab27b,0.5
Rab27b,Sytl4,0.5
Plvap,Plvap,0.5
Farp2,Farp2,0.5
Fam3c,Fam3c,0.5
Sh3bgrl3,Sh3bgrl3,0.5
Scgn,Scgn,0.5
Ces2c,Ces2c,0.5
Serpina3n,Serpina3n,0.5
Akr1c21,Akr1c21,0.5
Chia,Chia,0.5
Trex1,Trex1,0.5
Acy3,Acy3,0.5
Pcdhgc5,Pcdhgc5,0.5
Pcdhgc4,Pcdhgc4,0.5
Pcdhgc3,Pcdhgc3,0.5
Pcdhgb7,Pcdhgb7,0.5
Pcdhgb4,Pcdhgb4,0.5
Pcdhgb2,Pcdhgb2,0.5
Pcdhga1,Pcdhga1,0.5
Pcdhb8,Pcdhb8,0.5
Pcdhb6,Pcdhb6,0.5
Pcdhac2,Pcdhac2,0.5
Pcdha7,Pcdha7,0.5
Tent2,Tent2,0.5
Uap1,Uap1,0.5
Twf1,Twf1,0.5
Dnajc3,Dnajc3,0.5
Srgap1,Srgap1,0.5
Tfap2d,Tfap2d,0.5
Lpin1,Lpin1,0.5
Smarca5,Baz1b,0.5
Rheb,Rheb,0.5
Cyrib,Cyrib,0.5
Kif2c,Kif2c,0.5
Taldo1,Taldo1,0.5
Prdm9,Prdm9,0.5
Rilpl2,Rilpl2,0.5000000000000001
Mcoln1,Mcoln1,0.5
Atg12,Atg3,0.5000166900197469
Mpst,Mpst,0.5
Pacsin3,Pacsin3,0.5
Mvd,Mvd,0.5
Nmnat3,Nmnat3,0.5
Stard4,Stard4,0.5
Nlgn1,Nlgn1,0.5
Ufsp2,Ufsp2,0.5
Cmas,Cmas,0.5
Nampt,Nampt,0.5
Ttc5,Ttc5,0.5
Cstf3,Cstf3,0.5
Epdr1,Epdr1,0.5
Retnlb,Retnlb,0.5
Cdh23,Cdh23,0.5
Cdh23,Ush1c,0.5
Lpin2,Lpin2,0.5
Igf2bp3,Igf2bp3,0.5
Glo1,Glo1,0.5
Nudcd2,Nudcd2,0.5
Decr1,Decr1,0.5
Pih1d1,Pih1d1,0.5
Pih1d1,Telo2,0.5
Acot13,Acot13,0.5
Nrxn1,Nrxn1,0.5
Ooep,Nlrp5,0.5
Ooep,Tle6,0.5
Nlrp5,Nlrp5,0.5
Nlrp5,Tle6,0.5
Khdc3,Khdc3,0.5
Ilf2,Ilf2,0.5
Ilf2,Ilf3,0.5
Pcbd2,Pcbd2,0.5
Bcs1l,Bcs1l,0.5
Nt5c3a,Nt5c3a,0.5
Mms19,Mms19,0.5
Dynll2,Dynll2,0.5
Pygo1,Pygo1,0.5
Cndp2,Cndp2,0.5
Mymk,Mymk,0.5
Fam3b,Fam3b,0.5
Acp1,Acp1,0.5
Rufy3,Rufy3,0.5
Rabl3,Rabl3,0.5
Tnfsf13,Tnfsf13,0.5
Naaa,Naaa,0.5
Prorsd1,Prorsd1,0.5
Clec4b1,Clec4b1,0.5
Snx5,Snx5,0.5
Mdp1,Mdp1,0.5
Spaca3,Spaca3,0.5
Phf7,Phf7,0.5
Dcps,Dcps,0.5
Inhca,Inhca,0.5
Csad,Csad,0.5
Tax1bp3,Tax1bp3,0.5
Armc8,Armc8,0.5
Mxra8,Mxra8,0.5
Dnajc10,Dnajc10,0.5
Csnk1d,Csnk1d,0.5
Mfsd1,Glmp,0.5
Gabarap,Gabarap,0.5
Nudt12,Nudt12,0.5
Iyd,Iyd,0.5
Trpv4,Trpv4,0.5
Izumo1r,Izumo1r,0.5
Enpp5,Enpp5,0.5
Vps29,Vps29,0.5
Tpcn1,Tpcn1,0.5
Mvp,Mvp,0.5
Ehd4,Ehd4,0.5
Kif13a,Kif13a,0.5
Ern1,Ern1,0.5
Ngb,Ngb,0.5
Sgk3,Sgk3,0.5
Trim54,Trim54,0.5
Ube4b,Ube4b,0.5
Git2,Git2,0.5086554473182503
Extl2,Extl2,0.5
C1ql3,C1ql3,0.5
Ifi30,Ifi30,0.5
Cldn19,Cldn19,0.5
Nit2,Nit2,0.5
Akr1a1,Akr1a1,0.5
Panx1,Panx1,0.5
Slc15a1,Slc15a1,0.5
Klra12,Klra12,0.5
Polm,Polm,0.5
Tacc3,Tacc3,0.5
Kcnk5,Kcnk5,0.5
Trem1,Trem1,0.5
Nectin1,Nectin1,0.5
Hip1r,Hip1r,0.5
Nectin3,Nectin3,0.5
Pnkp,Pnkp,0.5
Piwil1,Piwil1,0.5
Tex101,Tex101,0.5
Asap1,Asap1,0.5
Trpc5,Trpc5,0.5
Gnmt,Gnmt,0.5
Plec,Plec,0.5
Ulk2,Ulk2,0.5
Dctpp1,Dctpp1,0.5
Qki,Qki,0.5
Adh4,Adh4,0.5
Eif2ak4,Eif2ak4,0.5
Iigp1,Iigp1,0.5
Polg2,Polg2,0.5
Ifi202,Ifi202,0.5
Comp,Comp,0.5
Tpk1,Tpk1,0.5
Slc26a4,Slc26a4,0.5
Trex2,Trex2,0.5
Hebp1,Hebp1,0.5
Cdh22,Cdh22,0.5
Trpv2,Trpv2,0.5
Cdh13,Cdh13,0.5
Fut8,Fut8,0.5
Tenm3,Tenm3,0.5
Stub1,Stub1,0.5
Map3k14,Map3k14,0.5
Snx1,Snx1,0.5
Pacsin2,Pacsin2,0.5
Clec2i,Clec2i,0.5
Crybb1,Crybb1,0.5
Gstz1,Gstz1,0.5
Ca14,Ca14,0.5
Cldn3,Cldn3,0.5
Nr1h3,Nr1h3,0.5
Gadd45g,Gadd45g,0.5
Phf1,Phf1,0.5
Kank3,Kank3,0.5
Dpp6,Dpp6,0.5
Sel1l,Sel1l,0.5
Slc23a1,Slc23a1,0.5
